shift_id,employee_id,client_id,shift_date,scheduled_start,scheduled_end,scheduled_hours,clock_in,clock_out,actual_hours,status,created_at
1,448,7,2026-07-01,2026-07-01 09:00:00,2026-07-01 17:00:00,8,2026-07-01 09:00:00,2026-07-01 17:00:00,8.0,Completed,2026-06-30
2,446,14,2026-07-01,2026-07-01 15:00:00,2026-07-01 21:00:00,6,2026-07-01 15:00:00,2026-07-01 21:00:00,6.0,Completed,2026-06-30
3,5,3,2026-07-01,2026-07-01 14:00:00,2026-07-02 02:00:00,12,2026-07-01 14:00:00,2026-07-02 02:00:00,12.0,Completed,2026-06-30
4,479,17,2026-07-01,2026-07-01 08:00:00,2026-07-01 12:00:00,4,2026-07-01 08:00:00,2026-07-01 12:00:00,4.0,Completed,2026-06-30
5,530,1,2026-07-01,2026-07-01 06:00:00,2026-07-01 12:00:00,6,2026-07-01 06:00:00,2026-07-01 12:00:00,6.0,Completed,2026-06-30
6,513,5,2026-07-01,2026-07-01 07:00:00,2026-07-01 19:00:00,12,,,0.0,Cancelled - Employee,2026-06-30
7,528,19,2026-07-01,2026-07-01 07:00:00,2026-07-01 19:00:00,12,,,0.0,Cancelled - Client,2026-06-30
8,525,15,2026-07-01,2026-07-01 08:00:00,2026-07-01 14:00:00,6,2026-07-01 08:00:00,2026-07-01 14:00:00,6.0,Completed,2026-06-30
9,22,23,2026-07-01,2026-07-01 08:00:00,2026-07-01 12:00:00,4,2026-07-01 08:00:00,2026-07-01 12:00:00,4.0,Completed,2026-06-30
10,457,25,2026-07-01,2026-07-01 07:00:00,2026-07-01 15:00:00,8,2026-07-01 07:00:00,2026-07-01 15:00:00,8.0,Completed,2026-06-30
11,522,4,2026-07-01,2026-07-01 14:00:00,2026-07-01 20:00:00,6,2026-07-01 14:00:00,2026-07-01 20:00:00,6.0,Completed,2026-06-30
12,25,16,2026-07-01,2026-07-01 14:00:00,2026-07-01 22:00:00,8,2026-07-01 14:00:00,2026-07-01 22:00:00,8.0,Completed,2026-06-30
13,402,17,2026-07-02,2026-07-02 15:00:00,2026-07-02 21:00:00,6,2026-07-02 15:00:00,2026-07-02 21:00:00,6.0,Completed,2026-06-30
14,530,22,2026-07-02,2026-07-02 14:00:00,2026-07-03 02:00:00,12,2026-07-02 14:00:00,2026-07-03 02:00:00,12.0,Completed,2026-06-30
15,5,1,2026-07-02,2026-07-02 06:00:00,2026-07-02 12:00:00,6,2026-07-02 06:00:00,2026-07-02 12:00:00,6.0,Completed,2026-06-30
16,25,15,2026-07-02,2026-07-02 07:00:00,2026-07-02 15:00:00,8,2026-07-02 07:00:00,2026-07-02 15:00:00,8.0,Completed,2026-06-30
17,395,12,2026-07-02,2026-07-02 09:00:00,2026-07-02 17:00:00,8,2026-07-02 09:00:00,2026-07-02 17:00:00,8.0,Completed,2026-06-30
18,13,23,2026-07-02,2026-07-02 08:00:00,2026-07-02 20:00:00,12,2026-07-02 08:00:00,2026-07-02 20:00:00,12.0,Completed,2026-06-30
19,18,26,2026-07-02,2026-07-02 08:00:00,2026-07-02 20:00:00,12,2026-07-02 08:00:00,2026-07-02 20:00:00,12.0,Completed,2026-06-30
20,26,28,2026-07-02,2026-07-02 15:00:00,2026-07-02 23:00:00,8,2026-07-02 15:00:00,2026-07-02 23:00:00,8.0,Completed,2026-06-30
21,381,5,2026-07-02,2026-07-02 22:00:00,2026-07-03 06:00:00,8,2026-07-02 22:00:00,2026-07-03 06:00:00,8.0,Completed,2026-06-30
22,464,16,2026-07-02,2026-07-02 07:00:00,2026-07-02 15:00:00,8,2026-07-02 07:00:00,2026-07-02 15:00:00,8.0,Completed,2026-06-30
23,428,19,2026-07-02,2026-07-02 09:00:00,2026-07-02 15:00:00,6,,,0.0,No-Show,2026-06-30
24,11,3,2026-07-02,2026-07-02 09:00:00,2026-07-02 13:00:00,4,,,0.0,Cancelled - Employee,2026-06-30
25,394,27,2026-07-02,2026-07-02 22:00:00,2026-07-03 10:00:00,12,,,0.0,No-Show,2026-06-30
26,20,3,2026-07-03,2026-07-03 07:00:00,2026-07-03 19:00:00,12,2026-07-03 07:00:00,2026-07-03 19:00:00,12.0,Completed,2026-06-30
27,428,19,2026-07-03,2026-07-03 07:00:00,2026-07-03 11:00:00,4,2026-07-03 07:00:00,2026-07-03 11:00:00,4.0,Completed,2026-06-30
28,517,17,2026-07-03,2026-07-03 14:00:00,2026-07-04 02:00:00,12,,,0.0,No-Show,2026-06-30
29,464,15,2026-07-03,2026-07-03 07:00:00,2026-07-03 13:00:00,6,2026-07-03 07:00:00,2026-07-03 13:00:00,6.0,Completed,2026-06-30
30,509,25,2026-07-03,2026-07-03 06:00:00,2026-07-03 10:00:00,4,2026-07-03 06:00:00,2026-07-03 10:00:00,4.0,Completed,2026-06-30
31,308,9,2026-07-03,2026-07-03 14:00:00,2026-07-04 02:00:00,12,2026-07-03 14:00:00,2026-07-04 02:00:00,12.0,Completed,2026-06-30
32,493,26,2026-07-03,2026-07-03 09:00:00,2026-07-03 21:00:00,12,2026-07-03 09:00:00,2026-07-03 21:00:00,12.0,Completed,2026-06-30
33,522,1,2026-07-03,2026-07-03 09:00:00,2026-07-03 13:00:00,4,,,0.0,Cancelled - Client,2026-06-30
34,13,24,2026-07-03,2026-07-03 22:00:00,2026-07-04 02:00:00,4,2026-07-03 22:00:00,2026-07-04 02:00:00,4.0,Completed,2026-06-30
35,5,5,2026-07-03,2026-07-03 09:00:00,2026-07-03 17:00:00,8,,,0.0,Cancelled - Employee,2026-06-30
36,381,16,2026-07-03,2026-07-03 09:00:00,2026-07-03 17:00:00,8,2026-07-03 09:00:00,2026-07-03 17:00:00,8.0,Completed,2026-06-30
37,13,26,2026-07-04,2026-07-04 09:00:00,2026-07-04 21:00:00,12,2026-07-04 09:00:00,2026-07-04 21:00:00,12.0,Completed,2026-06-30
38,522,5,2026-07-04,2026-07-04 06:00:00,2026-07-04 10:00:00,4,2026-07-04 06:00:00,2026-07-04 10:00:00,4.0,Completed,2026-06-30
39,523,10,2026-07-04,2026-07-04 14:00:00,2026-07-04 20:00:00,6,,,,Scheduled,2026-06-30
40,513,22,2026-07-04,2026-07-04 09:00:00,2026-07-04 13:00:00,4,2026-07-04 09:00:00,2026-07-04 13:00:00,4.0,Completed,2026-06-30
41,466,19,2026-07-04,2026-07-04 14:00:00,2026-07-04 22:00:00,8,2026-07-04 14:00:00,2026-07-04 22:00:00,8.0,Completed,2026-06-30
42,349,28,2026-07-04,2026-07-04 07:00:00,2026-07-04 19:00:00,12,2026-07-04 07:00:00,2026-07-04 19:00:00,12.0,Completed,2026-06-30
43,358,2,2026-07-04,2026-07-04 06:00:00,2026-07-04 12:00:00,6,2026-07-04 06:00:00,2026-07-04 12:00:00,6.0,Completed,2026-06-30
44,25,15,2026-07-04,2026-07-04 08:00:00,2026-07-04 20:00:00,12,2026-07-04 08:00:00,2026-07-04 20:00:00,12.0,Completed,2026-06-30
45,5,29,2026-07-04,2026-07-04 14:00:00,2026-07-04 22:00:00,8,2026-07-04 14:00:00,2026-07-04 22:00:00,8.0,Completed,2026-06-30
46,440,25,2026-07-04,2026-07-04 06:00:00,2026-07-04 18:00:00,12,2026-07-04 06:00:00,2026-07-04 18:00:00,12.0,Completed,2026-06-30
47,525,1,2026-07-04,2026-07-04 22:00:00,2026-07-05 04:00:00,6,2026-07-04 22:00:00,2026-07-05 04:00:00,6.0,Completed,2026-06-30
48,26,17,2026-07-04,2026-07-04 22:00:00,2026-07-05 10:00:00,12,2026-07-04 22:00:00,2026-07-05 10:00:00,12.0,Completed,2026-06-30
49,517,7,2026-07-04,2026-07-04 15:00:00,2026-07-04 21:00:00,6,2026-07-04 15:00:00,2026-07-04 21:00:00,6.0,Completed,2026-06-30
50,11,16,2026-07-04,2026-07-04 22:00:00,2026-07-05 06:00:00,8,2026-07-04 22:00:00,2026-07-05 06:00:00,8.0,Completed,2026-06-30
51,534,6,2026-07-04,2026-07-04 07:00:00,2026-07-04 19:00:00,12,2026-07-04 07:00:00,2026-07-04 19:00:00,12.0,Completed,2026-06-30
52,477,24,2026-07-05,2026-07-05 22:00:00,2026-07-06 04:00:00,6,2026-07-05 22:00:00,2026-07-06 04:00:00,6.0,Completed,2026-06-30
53,20,15,2026-07-05,2026-07-05 06:00:00,2026-07-05 18:00:00,12,2026-07-05 06:00:00,2026-07-05 18:00:00,12.0,Completed,2026-06-30
54,527,17,2026-07-05,2026-07-05 15:00:00,2026-07-05 21:00:00,6,,,0.0,No-Show,2026-06-30
55,308,21,2026-07-05,2026-07-05 08:00:00,2026-07-05 14:00:00,6,2026-07-05 08:00:00,2026-07-05 14:00:00,6.0,Completed,2026-06-30
56,442,4,2026-07-05,2026-07-05 14:00:00,2026-07-06 02:00:00,12,2026-07-05 14:00:00,2026-07-06 02:00:00,12.0,Completed,2026-06-30
57,522,3,2026-07-05,2026-07-05 14:00:00,2026-07-05 20:00:00,6,2026-07-05 14:00:00,2026-07-05 20:00:00,6.0,Completed,2026-06-30
58,517,9,2026-07-05,2026-07-05 07:00:00,2026-07-05 11:00:00,4,,,0.0,Cancelled - Employee,2026-06-30
59,528,10,2026-07-05,2026-07-05 06:00:00,2026-07-05 18:00:00,12,,,0.0,Cancelled - Client,2026-06-30
60,428,19,2026-07-05,2026-07-05 15:00:00,2026-07-05 19:00:00,4,2026-07-05 15:00:00,2026-07-05 19:00:00,4.0,Completed,2026-06-30
61,478,26,2026-07-05,2026-07-05 15:00:00,2026-07-05 23:00:00,8,2026-07-05 15:00:00,2026-07-05 23:00:00,8.0,Completed,2026-06-30
62,381,5,2026-07-05,2026-07-05 08:00:00,2026-07-05 16:00:00,8,2026-07-05 08:00:00,2026-07-05 16:00:00,8.0,Completed,2026-06-30
63,25,16,2026-07-05,2026-07-05 08:00:00,2026-07-05 20:00:00,12,2026-07-05 08:00:00,2026-07-05 20:00:00,12.0,Completed,2026-06-30
64,457,28,2026-07-06,2026-07-06 15:00:00,2026-07-07 03:00:00,12,2026-07-06 15:00:00,2026-07-07 03:00:00,12.0,Completed,2026-06-30
65,461,26,2026-07-06,2026-07-06 09:00:00,2026-07-06 13:00:00,4,,,0.0,No-Show,2026-06-30
66,510,19,2026-07-06,2026-07-06 06:00:00,2026-07-06 14:00:00,8,2026-07-06 06:00:00,2026-07-06 14:00:00,8.0,Completed,2026-06-30
67,448,21,2026-07-06,2026-07-06 07:00:00,2026-07-06 11:00:00,4,2026-07-06 07:00:00,2026-07-06 11:00:00,4.0,Completed,2026-06-30
68,247,32,2026-07-06,2026-07-06 06:00:00,2026-07-06 12:00:00,6,,,0.0,Cancelled - Employee,2026-06-30
69,26,17,2026-07-06,2026-07-06 22:00:00,2026-07-07 04:00:00,6,2026-07-06 22:00:00,2026-07-07 04:00:00,6.0,Completed,2026-06-30
70,358,14,2026-07-06,2026-07-06 08:00:00,2026-07-06 20:00:00,12,2026-07-06 08:00:00,2026-07-06 20:00:00,12.0,Completed,2026-06-30
71,466,30,2026-07-06,2026-07-06 06:00:00,2026-07-06 14:00:00,8,,,0.0,Cancelled - Employee,2026-06-30
72,525,3,2026-07-06,2026-07-06 22:00:00,2026-07-07 02:00:00,4,2026-07-06 22:00:00,2026-07-07 02:00:00,4.0,Completed,2026-06-30
73,419,24,2026-07-06,2026-07-06 08:00:00,2026-07-06 16:00:00,8,2026-07-06 08:00:00,2026-07-06 16:00:00,8.0,Completed,2026-06-30
74,481,4,2026-07-06,2026-07-06 06:00:00,2026-07-06 12:00:00,6,2026-07-06 06:00:00,2026-07-06 12:00:00,6.0,Completed,2026-06-30
75,517,25,2026-07-06,2026-07-06 07:00:00,2026-07-06 19:00:00,12,2026-07-06 07:00:00,2026-07-06 19:00:00,12.0,Completed,2026-06-30
76,530,29,2026-07-06,2026-07-06 08:00:00,2026-07-06 14:00:00,6,,,0.0,No-Show,2026-06-30
77,5,1,2026-07-06,2026-07-06 09:00:00,2026-07-06 17:00:00,8,2026-07-06 09:00:00,2026-07-06 17:00:00,8.0,Completed,2026-06-30
78,17,15,2026-07-06,2026-07-06 07:00:00,2026-07-06 11:00:00,4,2026-07-06 07:00:00,2026-07-06 11:00:00,4.0,Completed,2026-06-30
79,442,16,2026-07-06,2026-07-06 14:00:00,2026-07-06 20:00:00,6,2026-07-06 14:00:00,2026-07-06 20:00:00,6.0,Completed,2026-06-30
80,25,5,2026-07-06,2026-07-06 06:00:00,2026-07-06 10:00:00,4,2026-07-06 06:00:00,2026-07-06 10:00:00,4.0,Completed,2026-06-30
81,464,22,2026-07-06,2026-07-06 14:00:00,2026-07-06 22:00:00,8,2026-07-06 14:00:00,2026-07-06 22:00:00,8.0,Completed,2026-06-30
82,513,1,2026-07-07,2026-07-07 14:00:00,2026-07-07 18:00:00,4,2026-07-07 14:00:00,2026-07-07 18:00:00,4.0,Completed,2026-06-30
83,436,32,2026-07-07,2026-07-07 08:00:00,2026-07-07 14:00:00,6,2026-07-07 08:00:00,2026-07-07 14:00:00,6.0,Completed,2026-06-30
84,532,15,2026-07-07,2026-07-07 22:00:00,2026-07-08 06:00:00,8,2026-07-07 22:00:00,2026-07-08 06:00:00,8.0,Completed,2026-06-30
85,264,26,2026-07-07,2026-07-07 14:00:00,2026-07-07 20:00:00,6,2026-07-07 14:00:00,2026-07-07 20:00:00,6.0,Completed,2026-06-30
86,11,5,2026-07-07,2026-07-07 15:00:00,2026-07-07 23:00:00,8,2026-07-07 15:00:00,2026-07-07 23:00:00,8.0,Completed,2026-06-30
87,477,6,2026-07-07,2026-07-07 08:00:00,2026-07-07 16:00:00,8,,,0.0,Cancelled - Employee,2026-06-30
88,358,30,2026-07-07,2026-07-07 07:00:00,2026-07-07 13:00:00,6,2026-07-07 07:00:00,2026-07-07 13:00:00,6.0,Completed,2026-06-30
89,349,28,2026-07-07,2026-07-07 09:00:00,2026-07-07 21:00:00,12,2026-07-07 09:00:00,2026-07-07 21:00:00,12.0,Completed,2026-06-30
90,527,25,2026-07-07,2026-07-07 22:00:00,2026-07-08 04:00:00,6,2026-07-07 22:00:00,2026-07-08 04:00:00,6.0,Completed,2026-06-30
91,498,19,2026-07-07,2026-07-07 06:00:00,2026-07-07 14:00:00,8,2026-07-07 06:00:00,2026-07-07 14:00:00,8.0,Completed,2026-06-30
92,511,16,2026-07-07,2026-07-07 22:00:00,2026-07-08 10:00:00,12,2026-07-07 22:00:00,2026-07-08 10:00:00,12.0,Completed,2026-06-30
93,522,3,2026-07-07,2026-07-07 22:00:00,2026-07-08 04:00:00,6,2026-07-07 22:00:00,2026-07-08 04:00:00,6.0,Completed,2026-06-30
94,14,2,2026-07-07,2026-07-07 08:00:00,2026-07-07 12:00:00,4,2026-07-07 08:00:00,2026-07-07 12:00:00,4.0,Completed,2026-06-30
95,445,7,2026-07-07,2026-07-07 06:00:00,2026-07-07 18:00:00,12,2026-07-07 06:00:00,2026-07-07 18:00:00,12.0,Completed,2026-06-30
96,26,17,2026-07-07,2026-07-07 15:00:00,2026-07-07 23:00:00,8,,,0.0,Cancelled - Employee,2026-06-30
97,529,6,2026-07-08,2026-07-08 06:00:00,2026-07-08 10:00:00,4,2026-07-08 06:00:00,2026-07-08 10:00:00,4.0,Completed,2026-06-30
98,510,19,2026-07-08,2026-07-08 14:00:00,2026-07-08 20:00:00,6,2026-07-08 14:00:00,2026-07-08 20:00:00,6.0,Completed,2026-06-30
99,435,30,2026-07-08,2026-07-08 14:00:00,2026-07-09 02:00:00,12,2026-07-08 14:00:00,2026-07-09 02:00:00,12.0,Completed,2026-06-30
100,11,27,2026-07-08,2026-07-08 06:00:00,2026-07-08 10:00:00,4,2026-07-08 06:00:00,2026-07-08 10:00:00,4.0,Completed,2026-06-30
101,14,14,2026-07-08,2026-07-08 07:00:00,2026-07-08 11:00:00,4,2026-07-08 07:00:00,2026-07-08 11:00:00,4.0,Completed,2026-06-30
102,381,29,2026-07-08,2026-07-08 07:00:00,2026-07-08 19:00:00,12,,,0.0,Cancelled - Client,2026-06-30
103,442,1,2026-07-08,2026-07-08 08:00:00,2026-07-08 20:00:00,12,,,0.0,Cancelled - Client,2026-06-30
104,522,3,2026-07-08,2026-07-08 22:00:00,2026-07-09 10:00:00,12,2026-07-08 22:00:00,2026-07-09 10:00:00,12.0,Completed,2026-06-30
105,348,26,2026-07-08,2026-07-08 09:00:00,2026-07-08 13:00:00,4,2026-07-08 09:00:00,2026-07-08 13:00:00,4.0,Completed,2026-06-30
106,440,33,2026-07-08,2026-07-08 06:00:00,2026-07-08 14:00:00,8,2026-07-08 06:00:00,2026-07-08 14:00:00,8.0,Completed,2026-06-30
107,524,2,2026-07-08,2026-07-08 07:00:00,2026-07-08 11:00:00,4,2026-07-08 07:00:00,2026-07-08 11:00:00,4.0,Completed,2026-06-30
108,532,15,2026-07-08,2026-07-08 09:00:00,2026-07-08 21:00:00,12,2026-07-08 09:00:00,2026-07-08 21:00:00,12.0,Completed,2026-06-30
109,358,32,2026-07-08,2026-07-08 14:00:00,2026-07-09 02:00:00,12,2026-07-08 14:00:00,2026-07-09 02:00:00,12.0,Completed,2026-06-30
110,517,25,2026-07-08,2026-07-08 07:00:00,2026-07-08 11:00:00,4,,,0.0,Cancelled - Client,2026-06-30
111,513,5,2026-07-08,2026-07-08 15:00:00,2026-07-08 21:00:00,6,2026-07-08 15:00:00,2026-07-08 21:00:00,6.0,Completed,2026-06-30
112,521,17,2026-07-08,2026-07-08 09:00:00,2026-07-08 13:00:00,4,2026-07-08 09:00:00,2026-07-08 13:00:00,4.0,Completed,2026-06-30
113,5,16,2026-07-08,2026-07-08 15:00:00,2026-07-09 03:00:00,12,,,0.0,No-Show,2026-06-30
114,455,30,2026-07-09,2026-07-09 07:00:00,2026-07-09 13:00:00,6,2026-07-09 07:00:00,2026-07-09 13:00:00,6.0,Completed,2026-06-30
115,25,1,2026-07-09,2026-07-09 22:00:00,2026-07-10 02:00:00,4,2026-07-09 22:00:00,2026-07-10 02:00:00,4.0,Completed,2026-06-30
116,472,26,2026-07-09,2026-07-09 14:00:00,2026-07-09 18:00:00,4,2026-07-09 14:00:00,2026-07-09 18:00:00,4.0,Completed,2026-06-30
117,464,16,2026-07-09,2026-07-09 06:00:00,2026-07-09 14:00:00,8,2026-07-09 06:00:00,2026-07-09 14:00:00,8.0,Completed,2026-06-30
118,14,19,2026-07-09,2026-07-09 22:00:00,2026-07-10 02:00:00,4,2026-07-09 22:00:00,2026-07-10 02:00:00,4.0,Completed,2026-06-30
119,532,3,2026-07-09,2026-07-09 15:00:00,2026-07-09 21:00:00,6,2026-07-09 15:00:00,2026-07-09 21:00:00,6.0,Completed,2026-06-30
120,520,4,2026-07-09,2026-07-09 07:00:00,2026-07-09 15:00:00,8,2026-07-09 07:00:00,2026-07-09 15:00:00,8.0,Completed,2026-06-30
121,522,5,2026-07-09,2026-07-09 09:00:00,2026-07-09 17:00:00,8,,,0.0,Cancelled - Client,2026-06-30
122,517,33,2026-07-09,2026-07-09 22:00:00,2026-07-10 02:00:00,4,2026-07-09 22:00:00,2026-07-10 02:00:00,4.0,Completed,2026-06-30
123,524,32,2026-07-09,2026-07-09 14:00:00,2026-07-09 18:00:00,4,2026-07-09 14:00:00,2026-07-09 18:00:00,4.0,Completed,2026-06-30
124,457,17,2026-07-09,2026-07-09 14:00:00,2026-07-09 22:00:00,8,2026-07-09 14:00:00,2026-07-09 22:00:00,8.0,Completed,2026-06-30
125,513,29,2026-07-09,2026-07-09 15:00:00,2026-07-10 03:00:00,12,2026-07-09 15:00:00,2026-07-10 03:00:00,12.0,Completed,2026-06-30
126,381,22,2026-07-09,2026-07-09 06:00:00,2026-07-09 18:00:00,12,2026-07-09 06:00:00,2026-07-09 18:00:00,12.0,Completed,2026-06-30
127,5,15,2026-07-09,2026-07-09 08:00:00,2026-07-09 14:00:00,6,,,0.0,Cancelled - Employee,2026-06-30
128,11,27,2026-07-09,2026-07-09 06:00:00,2026-07-09 12:00:00,6,2026-07-09 06:00:00,2026-07-09 12:00:00,6.0,Completed,2026-06-30
129,520,16,2026-07-10,2026-07-10 09:00:00,2026-07-10 15:00:00,6,2026-07-10 09:00:00,2026-07-10 15:00:00,6.0,Completed,2026-06-30
130,324,34,2026-07-10,2026-07-10 08:00:00,2026-07-10 16:00:00,8,,,,Scheduled,2026-06-30
131,402,17,2026-07-10,2026-07-10 09:00:00,2026-07-10 13:00:00,4,2026-07-10 09:00:00,2026-07-10 13:00:00,4.0,Completed,2026-06-30
132,376,26,2026-07-10,2026-07-10 06:00:00,2026-07-10 12:00:00,6,2026-07-10 06:00:00,2026-07-10 12:00:00,6.0,Completed,2026-06-30
133,530,1,2026-07-10,2026-07-10 15:00:00,2026-07-10 21:00:00,6,2026-07-10 15:00:00,2026-07-10 21:00:00,6.0,Completed,2026-06-30
134,464,5,2026-07-10,2026-07-10 08:00:00,2026-07-10 14:00:00,6,2026-07-10 08:00:00,2026-07-10 14:00:00,6.0,Completed,2026-06-30
135,513,22,2026-07-10,2026-07-10 06:00:00,2026-07-10 12:00:00,6,2026-07-10 06:00:00,2026-07-10 12:00:00,6.0,Completed,2026-06-30
136,455,30,2026-07-10,2026-07-10 22:00:00,2026-07-11 10:00:00,12,2026-07-10 22:00:00,2026-07-11 10:00:00,12.0,Completed,2026-06-30
137,27,10,2026-07-10,2026-07-10 07:00:00,2026-07-10 15:00:00,8,,,0.0,Cancelled - Client,2026-06-30
138,507,15,2026-07-10,2026-07-10 09:00:00,2026-07-10 15:00:00,6,,,0.0,No-Show,2026-06-30
139,498,32,2026-07-10,2026-07-10 09:00:00,2026-07-10 21:00:00,12,2026-07-10 09:00:00,2026-07-10 21:00:00,12.0,Completed,2026-06-30
140,358,19,2026-07-10,2026-07-10 06:00:00,2026-07-10 12:00:00,6,2026-07-10 06:00:00,2026-07-10 12:00:00,6.0,Completed,2026-06-30
141,20,4,2026-07-10,2026-07-10 06:00:00,2026-07-10 14:00:00,8,2026-07-10 06:00:00,2026-07-10 14:00:00,8.0,Completed,2026-06-30
142,479,25,2026-07-10,2026-07-10 15:00:00,2026-07-10 19:00:00,4,2026-07-10 15:00:00,2026-07-10 19:00:00,4.0,Completed,2026-06-30
143,522,3,2026-07-10,2026-07-10 07:00:00,2026-07-10 19:00:00,12,,,0.0,No-Show,2026-06-30
144,25,29,2026-07-10,2026-07-10 09:00:00,2026-07-10 17:00:00,8,2026-07-10 09:00:00,2026-07-10 17:00:00,8.0,Completed,2026-06-30
145,17,1,2026-07-11,2026-07-11 15:00:00,2026-07-11 23:00:00,8,2026-07-11 15:00:00,2026-07-11 23:00:00,8.0,Completed,2026-06-30
146,507,22,2026-07-11,2026-07-11 14:00:00,2026-07-11 20:00:00,6,,,0.0,No-Show,2026-06-30
147,455,35,2026-07-11,2026-07-11 15:00:00,2026-07-11 21:00:00,6,2026-07-11 15:00:00,2026-07-11 21:00:00,6.0,Completed,2026-06-30
148,461,24,2026-07-11,2026-07-11 06:00:00,2026-07-11 18:00:00,12,2026-07-11 06:00:00,2026-07-11 18:00:00,12.0,Completed,2026-06-30
149,464,5,2026-07-11,2026-07-11 14:00:00,2026-07-12 02:00:00,12,2026-07-11 14:00:00,2026-07-12 02:00:00,12.0,Completed,2026-06-30
150,15,26,2026-07-11,2026-07-11 06:00:00,2026-07-11 10:00:00,4,2026-07-11 06:00:00,2026-07-11 10:00:00,4.0,Completed,2026-06-30
151,9,6,2026-07-11,2026-07-11 06:00:00,2026-07-11 12:00:00,6,2026-07-11 06:00:00,2026-07-11 12:00:00,6.0,Completed,2026-06-30
152,27,30,2026-07-11,2026-07-11 14:00:00,2026-07-11 20:00:00,6,,,0.0,No-Show,2026-06-30
153,358,19,2026-07-11,2026-07-11 07:00:00,2026-07-11 13:00:00,6,,,0.0,Cancelled - Client,2026-06-30
154,527,25,2026-07-11,2026-07-11 14:00:00,2026-07-12 02:00:00,12,,,0.0,Cancelled - Client,2026-06-30
155,523,32,2026-07-11,2026-07-11 06:00:00,2026-07-11 12:00:00,6,2026-07-11 06:00:00,2026-07-11 12:00:00,6.0,Completed,2026-06-30
156,5,3,2026-07-11,2026-07-11 06:00:00,2026-07-11 14:00:00,8,2026-07-11 06:00:00,2026-07-11 14:00:00,8.0,Completed,2026-06-30
157,513,16,2026-07-11,2026-07-11 22:00:00,2026-07-12 10:00:00,12,,,0.0,Cancelled - Client,2026-06-30
158,511,15,2026-07-11,2026-07-11 22:00:00,2026-07-12 10:00:00,12,2026-07-11 22:00:00,2026-07-12 10:00:00,12.0,Completed,2026-06-30
159,521,7,2026-07-11,2026-07-11 14:00:00,2026-07-11 20:00:00,6,,,0.0,Cancelled - Client,2026-06-30
160,525,29,2026-07-11,2026-07-11 08:00:00,2026-07-11 14:00:00,6,2026-07-11 08:00:00,2026-07-11 14:00:00,6.0,Completed,2026-06-30
161,20,4,2026-07-11,2026-07-11 15:00:00,2026-07-11 23:00:00,8,2026-07-11 15:00:00,2026-07-11 23:00:00,8.0,Completed,2026-06-30
162,509,17,2026-07-11,2026-07-11 08:00:00,2026-07-11 12:00:00,4,,,,Scheduled,2026-06-30
163,525,5,2026-07-12,2026-07-12 14:00:00,2026-07-12 22:00:00,8,,,0.0,Cancelled - Employee,2026-06-30
164,455,10,2026-07-12,2026-07-12 07:00:00,2026-07-12 13:00:00,6,2026-07-12 07:00:00,2026-07-12 13:00:00,6.0,Completed,2026-06-30
165,528,32,2026-07-12,2026-07-12 06:00:00,2026-07-12 12:00:00,6,2026-07-12 06:00:00,2026-07-12 12:00:00,6.0,Completed,2026-06-30
166,509,25,2026-07-12,2026-07-12 15:00:00,2026-07-12 19:00:00,4,,,0.0,Cancelled - Employee,2026-06-30
167,443,34,2026-07-12,2026-07-12 22:00:00,2026-07-13 04:00:00,6,,,0.0,No-Show,2026-06-30
168,403,26,2026-07-12,2026-07-12 22:00:00,2026-07-13 02:00:00,4,2026-07-12 22:00:00,2026-07-13 02:00:00,4.0,Completed,2026-06-30
169,9,37,2026-07-12,2026-07-12 06:00:00,2026-07-12 14:00:00,8,2026-07-12 06:00:00,2026-07-12 14:00:00,8.0,Completed,2026-06-30
170,381,16,2026-07-12,2026-07-12 15:00:00,2026-07-13 03:00:00,12,2026-07-12 15:00:00,2026-07-13 03:00:00,12.0,Completed,2026-06-30
171,358,30,2026-07-12,2026-07-12 06:00:00,2026-07-12 14:00:00,8,2026-07-12 06:00:00,2026-07-12 14:00:00,8.0,Completed,2026-06-30
172,435,19,2026-07-12,2026-07-12 07:00:00,2026-07-12 19:00:00,12,2026-07-12 07:00:00,2026-07-12 19:00:00,12.0,Completed,2026-06-30
173,247,35,2026-07-12,2026-07-12 22:00:00,2026-07-13 04:00:00,6,2026-07-12 22:00:00,2026-07-13 04:00:00,6.0,Completed,2026-06-30
174,17,1,2026-07-12,2026-07-12 06:00:00,2026-07-12 14:00:00,8,2026-07-12 06:00:00,2026-07-12 14:00:00,8.0,Completed,2026-06-30
175,26,28,2026-07-12,2026-07-12 06:00:00,2026-07-12 12:00:00,6,2026-07-12 06:00:00,2026-07-12 12:00:00,6.0,Completed,2026-06-30
176,15,24,2026-07-12,2026-07-12 14:00:00,2026-07-12 18:00:00,4,,,0.0,Cancelled - Client,2026-06-30
177,521,17,2026-07-12,2026-07-12 09:00:00,2026-07-12 21:00:00,12,2026-07-12 09:00:00,2026-07-12 21:00:00,12.0,Completed,2026-06-30
178,20,15,2026-07-12,2026-07-12 07:00:00,2026-07-12 13:00:00,6,2026-07-12 07:00:00,2026-07-12 13:00:00,6.0,Completed,2026-06-30
179,524,35,2026-07-13,2026-07-13 07:00:00,2026-07-13 19:00:00,12,2026-07-13 07:00:00,2026-07-13 19:00:00,12.0,Completed,2026-06-30
180,527,28,2026-07-13,2026-07-13 07:00:00,2026-07-13 11:00:00,4,2026-07-13 07:00:00,2026-07-13 11:00:00,4.0,Completed,2026-06-30
181,498,32,2026-07-13,2026-07-13 22:00:00,2026-07-14 06:00:00,8,2026-07-13 22:00:00,2026-07-14 06:00:00,8.0,Completed,2026-06-30
182,511,16,2026-07-13,2026-07-13 06:00:00,2026-07-13 10:00:00,4,2026-07-13 06:00:00,2026-07-13 10:00:00,4.0,Completed,2026-06-30
183,11,15,2026-07-13,2026-07-13 22:00:00,2026-07-14 10:00:00,12,,,0.0,Cancelled - Employee,2026-06-30
184,445,25,2026-07-13,2026-07-13 07:00:00,2026-07-13 15:00:00,8,2026-07-13 07:00:00,2026-07-13 15:00:00,8.0,Completed,2026-06-30
185,381,5,2026-07-13,2026-07-13 15:00:00,2026-07-13 23:00:00,8,2026-07-13 15:00:00,2026-07-13 23:00:00,8.0,Completed,2026-06-30
186,416,24,2026-07-13,2026-07-13 14:00:00,2026-07-13 22:00:00,8,2026-07-13 14:00:00,2026-07-13 22:00:00,8.0,Completed,2026-06-30
187,13,26,2026-07-13,2026-07-13 15:00:00,2026-07-14 03:00:00,12,2026-07-13 15:00:00,2026-07-14 03:00:00,12.0,Completed,2026-06-30
188,402,17,2026-07-13,2026-07-13 14:00:00,2026-07-13 22:00:00,8,2026-07-13 14:00:00,2026-07-13 22:00:00,8.0,Completed,2026-06-30
189,522,29,2026-07-13,2026-07-13 14:00:00,2026-07-13 22:00:00,8,2026-07-13 14:00:00,2026-07-13 22:00:00,8.0,Completed,2026-06-30
190,436,30,2026-07-13,2026-07-13 08:00:00,2026-07-13 16:00:00,8,,,,Scheduled,2026-06-30
191,455,19,2026-07-13,2026-07-13 09:00:00,2026-07-13 17:00:00,8,2026-07-13 09:00:00,2026-07-13 17:00:00,8.0,Completed,2026-06-30
192,394,3,2026-07-13,2026-07-13 07:00:00,2026-07-13 11:00:00,4,2026-07-13 07:00:00,2026-07-13 11:00:00,4.0,Completed,2026-06-30
193,520,4,2026-07-13,2026-07-13 08:00:00,2026-07-13 12:00:00,4,2026-07-13 08:00:00,2026-07-13 12:00:00,4.0,Completed,2026-06-30
194,472,26,2026-07-14,2026-07-14 22:00:00,2026-07-15 06:00:00,8,2026-07-14 22:00:00,2026-07-15 06:00:00,8.0,Completed,2026-06-30
195,455,35,2026-07-14,2026-07-14 14:00:00,2026-07-14 18:00:00,4,2026-07-14 14:00:00,2026-07-14 18:00:00,4.0,Completed,2026-06-30
196,522,1,2026-07-14,2026-07-14 07:00:00,2026-07-14 19:00:00,12,2026-07-14 07:00:00,2026-07-14 19:00:00,12.0,Completed,2026-06-30
197,442,3,2026-07-14,2026-07-14 06:00:00,2026-07-14 14:00:00,8,2026-07-14 06:00:00,2026-07-14 14:00:00,8.0,Completed,2026-06-30
198,12,38,2026-07-14,2026-07-14 09:00:00,2026-07-14 15:00:00,6,2026-07-14 09:00:00,2026-07-14 15:00:00,6.0,Completed,2026-06-30
199,17,16,2026-07-14,2026-07-14 22:00:00,2026-07-15 06:00:00,8,2026-07-14 22:00:00,2026-07-15 06:00:00,8.0,Completed,2026-06-30
200,247,2,2026-07-14,2026-07-14 06:00:00,2026-07-14 12:00:00,6,2026-07-14 06:00:00,2026-07-14 12:00:00,6.0,Completed,2026-06-30
201,440,17,2026-07-14,2026-07-14 22:00:00,2026-07-15 04:00:00,6,,,0.0,No-Show,2026-06-30
202,428,32,2026-07-14,2026-07-14 14:00:00,2026-07-14 20:00:00,6,2026-07-14 14:00:00,2026-07-14 20:00:00,6.0,Completed,2026-06-30
203,464,39,2026-07-14,2026-07-14 09:00:00,2026-07-14 13:00:00,4,2026-07-14 09:00:00,2026-07-14 13:00:00,4.0,Completed,2026-06-30
204,29,19,2026-07-14,2026-07-14 07:00:00,2026-07-14 19:00:00,12,2026-07-14 07:00:00,2026-07-14 19:00:00,12.0,Completed,2026-06-30
205,517,28,2026-07-14,2026-07-14 07:00:00,2026-07-14 13:00:00,6,2026-07-14 07:00:00,2026-07-14 13:00:00,6.0,Completed,2026-06-30
206,481,4,2026-07-14,2026-07-14 06:00:00,2026-07-14 14:00:00,8,2026-07-14 06:00:00,2026-07-14 14:00:00,8.0,Completed,2026-06-30
207,511,15,2026-07-14,2026-07-14 06:00:00,2026-07-14 14:00:00,8,2026-07-14 06:00:00,2026-07-14 14:00:00,8.0,Completed,2026-06-30
208,445,25,2026-07-14,2026-07-14 14:00:00,2026-07-14 18:00:00,4,,,0.0,No-Show,2026-06-30
209,466,30,2026-07-14,2026-07-14 06:00:00,2026-07-14 12:00:00,6,2026-07-14 06:00:00,2026-07-14 12:00:00,6.0,Completed,2026-06-30
210,479,25,2026-07-15,2026-07-15 07:00:00,2026-07-15 19:00:00,12,,,0.0,Cancelled - Employee,2026-06-30
211,455,32,2026-07-15,2026-07-15 08:00:00,2026-07-15 20:00:00,12,2026-07-15 08:00:00,2026-07-15 20:00:00,12.0,Completed,2026-06-30
212,247,35,2026-07-15,2026-07-15 22:00:00,2026-07-16 06:00:00,8,2026-07-15 22:00:00,2026-07-16 06:00:00,8.0,Completed,2026-06-30
213,456,26,2026-07-15,2026-07-15 07:00:00,2026-07-15 11:00:00,4,2026-07-15 07:00:00,2026-07-15 11:00:00,4.0,Completed,2026-06-30
214,510,19,2026-07-15,2026-07-15 06:00:00,2026-07-15 12:00:00,6,,,0.0,Cancelled - Client,2026-06-30
215,513,1,2026-07-15,2026-07-15 06:00:00,2026-07-15 18:00:00,12,2026-07-15 06:00:00,2026-07-15 18:00:00,12.0,Completed,2026-06-30
216,442,15,2026-07-15,2026-07-15 09:00:00,2026-07-15 21:00:00,12,2026-07-15 09:00:00,2026-07-15 21:00:00,12.0,Completed,2026-06-30
217,464,5,2026-07-15,2026-07-15 15:00:00,2026-07-16 03:00:00,12,2026-07-15 15:00:00,2026-07-16 03:00:00,12.0,Completed,2026-06-30
218,458,34,2026-07-15,2026-07-15 06:00:00,2026-07-15 14:00:00,8,2026-07-15 06:00:00,2026-07-15 14:00:00,8.0,Completed,2026-06-30
219,338,40,2026-07-15,2026-07-15 09:00:00,2026-07-15 15:00:00,6,2026-07-15 09:00:00,2026-07-15 15:00:00,6.0,Completed,2026-06-30
220,457,17,2026-07-15,2026-07-15 07:00:00,2026-07-15 13:00:00,6,,,0.0,Cancelled - Employee,2026-06-30
221,525,29,2026-07-15,2026-07-15 22:00:00,2026-07-16 10:00:00,12,2026-07-15 22:00:00,2026-07-16 10:00:00,12.0,Completed,2026-06-30
222,348,6,2026-07-15,2026-07-15 22:00:00,2026-07-16 06:00:00,8,2026-07-15 22:00:00,2026-07-16 06:00:00,8.0,Completed,2026-06-30
223,532,3,2026-07-15,2026-07-15 15:00:00,2026-07-15 23:00:00,8,2026-07-15 15:00:00,2026-07-15 23:00:00,8.0,Completed,2026-06-30
224,530,39,2026-07-15,2026-07-15 22:00:00,2026-07-16 04:00:00,6,2026-07-15 22:00:00,2026-07-16 04:00:00,6.0,Completed,2026-06-30
225,20,16,2026-07-15,2026-07-15 08:00:00,2026-07-15 16:00:00,8,2026-07-15 08:00:00,2026-07-15 16:00:00,8.0,Completed,2026-06-30
226,428,30,2026-07-15,2026-07-15 09:00:00,2026-07-15 15:00:00,6,2026-07-15 09:00:00,2026-07-15 15:00:00,6.0,Completed,2026-06-30
227,403,11,2026-07-01,2026-07-01 14:00:00,2026-07-01 18:00:00,4,2026-07-01 14:00:00,2026-07-01 18:00:00,4.0,Completed,2026-07-01
228,520,16,2026-07-01,2026-07-01 06:00:00,2026-07-01 18:00:00,12,2026-07-01 06:00:00,2026-07-01 18:00:00,12.0,Completed,2026-07-01
229,394,15,2026-07-01,2026-07-01 22:00:00,2026-07-02 06:00:00,8,2026-07-01 22:00:00,2026-07-02 06:00:00,8.0,Completed,2026-07-01
230,524,32,2026-07-01,2026-07-01 15:00:00,2026-07-01 23:00:00,8,2026-07-01 15:00:00,2026-07-01 23:00:00,8.0,Completed,2026-07-01
231,14,43,2026-07-01,2026-07-01 08:00:00,2026-07-01 16:00:00,8,2026-07-01 08:00:00,2026-07-01 16:00:00,8.0,Completed,2026-07-01
232,530,39,2026-07-01,2026-07-01 07:00:00,2026-07-01 11:00:00,4,2026-07-01 07:00:00,2026-07-01 11:00:00,4.0,Completed,2026-07-01
233,495,40,2026-07-01,2026-07-01 09:00:00,2026-07-01 13:00:00,4,,,,Scheduled,2026-07-01
234,25,3,2026-07-01,2026-07-01 07:00:00,2026-07-01 11:00:00,4,2026-07-01 07:00:00,2026-07-01 11:00:00,4.0,Completed,2026-07-01
235,332,44,2026-07-01,2026-07-01 14:00:00,2026-07-01 18:00:00,4,2026-07-01 14:00:00,2026-07-01 18:00:00,4.0,Completed,2026-07-01
236,435,30,2026-07-01,2026-07-01 09:00:00,2026-07-01 21:00:00,12,2026-07-01 09:00:00,2026-07-01 21:00:00,12.0,Completed,2026-07-01
237,492,19,2026-07-01,2026-07-01 07:00:00,2026-07-01 15:00:00,8,,,0.0,Cancelled - Client,2026-07-01
238,448,25,2026-07-01,2026-07-01 08:00:00,2026-07-01 12:00:00,4,2026-07-01 08:00:00,2026-07-01 12:00:00,4.0,Completed,2026-07-01
239,513,29,2026-07-01,2026-07-01 14:00:00,2026-07-02 02:00:00,12,2026-07-01 14:00:00,2026-07-02 02:00:00,12.0,Completed,2026-07-01
240,395,12,2026-07-01,2026-07-01 08:00:00,2026-07-01 14:00:00,6,2026-07-01 08:00:00,2026-07-01 14:00:00,6.0,Completed,2026-07-01
241,535,1,2026-07-01,2026-07-01 08:00:00,2026-07-01 14:00:00,6,2026-07-01 08:00:00,2026-07-01 14:00:00,6.0,Completed,2026-07-01
242,509,17,2026-07-01,2026-07-01 08:00:00,2026-07-01 20:00:00,12,2026-07-01 08:00:00,2026-07-01 20:00:00,12.0,Completed,2026-07-01
243,12,26,2026-07-01,2026-07-01 15:00:00,2026-07-01 21:00:00,6,2026-07-01 15:00:00,2026-07-01 21:00:00,6.0,Completed,2026-07-01
244,442,5,2026-07-01,2026-07-01 08:00:00,2026-07-01 14:00:00,6,2026-07-01 08:00:00,2026-07-01 14:00:00,6.0,Completed,2026-07-01
245,523,35,2026-07-01,2026-07-01 14:00:00,2026-07-01 20:00:00,6,2026-07-01 14:00:00,2026-07-01 20:00:00,6.0,Completed,2026-07-01
246,440,7,2026-07-01,2026-07-01 08:00:00,2026-07-01 12:00:00,4,2026-07-01 08:00:00,2026-07-01 12:00:00,4.0,Completed,2026-07-01
247,371,34,2026-07-02,2026-07-02 07:00:00,2026-07-02 19:00:00,12,2026-07-02 07:00:00,2026-07-02 19:00:00,12.0,Completed,2026-07-02
248,445,17,2026-07-02,2026-07-02 09:00:00,2026-07-02 17:00:00,8,2026-07-02 09:00:00,2026-07-02 17:00:00,8.0,Completed,2026-07-02
249,492,19,2026-07-02,2026-07-02 14:00:00,2026-07-02 18:00:00,4,,,0.0,No-Show,2026-07-02
250,535,39,2026-07-02,2026-07-02 07:00:00,2026-07-02 15:00:00,8,2026-07-02 07:00:00,2026-07-02 15:00:00,8.0,Completed,2026-07-02
251,5,15,2026-07-02,2026-07-02 15:00:00,2026-07-02 23:00:00,8,2026-07-02 15:00:00,2026-07-02 23:00:00,8.0,Completed,2026-07-02
252,513,16,2026-07-02,2026-07-02 15:00:00,2026-07-02 19:00:00,4,,,0.0,Cancelled - Employee,2026-07-02
253,443,44,2026-07-02,2026-07-02 06:00:00,2026-07-02 12:00:00,6,2026-07-02 06:00:00,2026-07-02 12:00:00,6.0,Completed,2026-07-02
254,461,26,2026-07-02,2026-07-02 15:00:00,2026-07-02 23:00:00,8,2026-07-02 15:00:00,2026-07-02 23:00:00,8.0,Completed,2026-07-02
255,524,35,2026-07-02,2026-07-02 15:00:00,2026-07-02 23:00:00,8,2026-07-02 15:00:00,2026-07-02 23:00:00,8.0,Completed,2026-07-02
256,464,22,2026-07-02,2026-07-02 14:00:00,2026-07-02 18:00:00,4,2026-07-02 14:00:00,2026-07-02 18:00:00,4.0,Completed,2026-07-02
257,415,6,2026-07-02,2026-07-02 09:00:00,2026-07-02 13:00:00,4,,,0.0,Cancelled - Client,2026-07-02
258,522,1,2026-07-02,2026-07-02 15:00:00,2026-07-03 03:00:00,12,2026-07-02 15:00:00,2026-07-03 03:00:00,12.0,Completed,2026-07-02
259,466,32,2026-07-02,2026-07-02 09:00:00,2026-07-02 15:00:00,6,2026-07-02 09:00:00,2026-07-02 15:00:00,6.0,Completed,2026-07-02
260,481,5,2026-07-02,2026-07-02 14:00:00,2026-07-02 18:00:00,4,,,0.0,Cancelled - Client,2026-07-02
261,509,25,2026-07-02,2026-07-02 14:00:00,2026-07-03 02:00:00,12,2026-07-02 14:00:00,2026-07-03 02:00:00,12.0,Completed,2026-07-02
262,435,30,2026-07-02,2026-07-02 22:00:00,2026-07-03 04:00:00,6,2026-07-02 22:00:00,2026-07-03 04:00:00,6.0,Completed,2026-07-02
263,500,40,2026-07-02,2026-07-02 08:00:00,2026-07-02 12:00:00,4,2026-07-02 08:00:00,2026-07-02 12:00:00,4.0,Completed,2026-07-02
264,446,43,2026-07-02,2026-07-02 14:00:00,2026-07-02 18:00:00,4,,,0.0,Cancelled - Client,2026-07-02
265,438,37,2026-07-02,2026-07-02 15:00:00,2026-07-02 19:00:00,4,,,0.0,Cancelled - Employee,2026-07-02
266,530,3,2026-07-02,2026-07-02 08:00:00,2026-07-02 16:00:00,8,2026-07-02 08:00:00,2026-07-02 16:00:00,8.0,Completed,2026-07-02
267,458,40,2026-07-03,2026-07-03 06:00:00,2026-07-03 12:00:00,6,2026-07-03 06:00:00,2026-07-03 12:00:00,6.0,Completed,2026-07-03
268,27,43,2026-07-03,2026-07-03 09:00:00,2026-07-03 13:00:00,4,2026-07-03 09:00:00,2026-07-03 13:00:00,4.0,Completed,2026-07-03
269,338,45,2026-07-03,2026-07-03 08:00:00,2026-07-03 20:00:00,12,2026-07-03 08:00:00,2026-07-03 20:00:00,12.0,Completed,2026-07-03
270,428,35,2026-07-03,2026-07-03 07:00:00,2026-07-03 15:00:00,8,2026-07-03 07:00:00,2026-07-03 15:00:00,8.0,Completed,2026-07-03
271,498,19,2026-07-03,2026-07-03 15:00:00,2026-07-03 19:00:00,4,,,,Scheduled,2026-07-03
272,492,32,2026-07-03,2026-07-03 08:00:00,2026-07-03 16:00:00,8,2026-07-03 08:00:00,2026-07-03 16:00:00,8.0,Completed,2026-07-03
273,532,15,2026-07-03,2026-07-03 09:00:00,2026-07-03 17:00:00,8,,,0.0,Cancelled - Client,2026-07-03
274,381,3,2026-07-03,2026-07-03 09:00:00,2026-07-03 15:00:00,6,2026-07-03 09:00:00,2026-07-03 15:00:00,6.0,Completed,2026-07-03
275,513,4,2026-07-03,2026-07-03 15:00:00,2026-07-04 03:00:00,12,2026-07-03 15:00:00,2026-07-04 03:00:00,12.0,Completed,2026-07-03
276,535,29,2026-07-03,2026-07-03 09:00:00,2026-07-03 17:00:00,8,2026-07-03 09:00:00,2026-07-03 17:00:00,8.0,Completed,2026-07-03
277,25,1,2026-07-03,2026-07-03 14:00:00,2026-07-03 20:00:00,6,2026-07-03 14:00:00,2026-07-03 20:00:00,6.0,Completed,2026-07-03
278,332,34,2026-07-03,2026-07-03 06:00:00,2026-07-03 10:00:00,4,,,0.0,Cancelled - Employee,2026-07-03
279,247,2,2026-07-03,2026-07-03 22:00:00,2026-07-04 04:00:00,6,2026-07-03 22:00:00,2026-07-04 04:00:00,6.0,Completed,2026-07-03
280,402,17,2026-07-03,2026-07-03 08:00:00,2026-07-03 16:00:00,8,2026-07-03 08:00:00,2026-07-03 16:00:00,8.0,Completed,2026-07-03
281,503,44,2026-07-03,2026-07-03 15:00:00,2026-07-04 03:00:00,12,2026-07-03 15:00:00,2026-07-04 03:00:00,12.0,Completed,2026-07-03
282,536,28,2026-07-03,2026-07-03 14:00:00,2026-07-03 18:00:00,4,2026-07-03 14:00:00,2026-07-03 18:00:00,4.0,Completed,2026-07-03
283,435,30,2026-07-03,2026-07-03 22:00:00,2026-07-04 10:00:00,12,,,0.0,Cancelled - Employee,2026-07-03
284,5,16,2026-07-03,2026-07-03 06:00:00,2026-07-03 18:00:00,12,2026-07-03 06:00:00,2026-07-03 18:00:00,12.0,Completed,2026-07-03
285,15,37,2026-07-03,2026-07-03 07:00:00,2026-07-03 19:00:00,12,,,,Scheduled,2026-07-03
286,481,39,2026-07-03,2026-07-03 08:00:00,2026-07-03 14:00:00,6,2026-07-03 08:00:00,2026-07-03 14:00:00,6.0,Completed,2026-07-03
287,446,10,2026-07-03,2026-07-03 14:00:00,2026-07-03 18:00:00,4,2026-07-03 14:00:00,2026-07-03 18:00:00,4.0,Completed,2026-07-03
288,456,26,2026-07-03,2026-07-03 09:00:00,2026-07-03 15:00:00,6,,,0.0,Cancelled - Client,2026-07-03
289,495,41,2026-07-03,2026-07-03 15:00:00,2026-07-03 21:00:00,6,2026-07-03 15:00:00,2026-07-03 21:00:00,6.0,Completed,2026-07-03
290,507,4,2026-07-04,2026-07-04 07:00:00,2026-07-04 15:00:00,8,2026-07-04 07:00:00,2026-07-04 15:00:00,8.0,Completed,2026-07-04
291,513,5,2026-07-04,2026-07-04 14:00:00,2026-07-05 02:00:00,12,2026-07-04 14:00:00,2026-07-05 02:00:00,12.0,Completed,2026-07-04
292,9,11,2026-07-04,2026-07-04 07:00:00,2026-07-04 19:00:00,12,2026-07-04 07:00:00,2026-07-04 19:00:00,12.0,Completed,2026-07-04
293,11,15,2026-07-04,2026-07-04 14:00:00,2026-07-05 02:00:00,12,,,0.0,Cancelled - Employee,2026-07-04
294,29,19,2026-07-04,2026-07-04 09:00:00,2026-07-04 21:00:00,12,2026-07-04 09:00:00,2026-07-04 21:00:00,12.0,Completed,2026-07-04
295,381,29,2026-07-04,2026-07-04 22:00:00,2026-07-05 10:00:00,12,,,0.0,Cancelled - Employee,2026-07-04
296,428,35,2026-07-04,2026-07-04 15:00:00,2026-07-04 23:00:00,8,,,0.0,Cancelled - Employee,2026-07-04
297,436,30,2026-07-04,2026-07-04 14:00:00,2026-07-05 02:00:00,12,2026-07-04 14:00:00,2026-07-05 02:00:00,12.0,Completed,2026-07-04
298,394,1,2026-07-04,2026-07-04 07:00:00,2026-07-04 15:00:00,8,,,0.0,Cancelled - Employee,2026-07-04
299,338,40,2026-07-04,2026-07-04 08:00:00,2026-07-04 16:00:00,8,,,0.0,Cancelled - Client,2026-07-04
300,519,45,2026-07-04,2026-07-04 08:00:00,2026-07-04 14:00:00,6,2026-07-04 08:00:00,2026-07-04 14:00:00,6.0,Completed,2026-07-04
301,542,48,2026-07-04,2026-07-04 07:00:00,2026-07-04 13:00:00,6,2026-07-04 07:00:00,2026-07-04 13:00:00,6.0,Completed,2026-07-04
302,17,16,2026-07-04,2026-07-04 09:00:00,2026-07-04 17:00:00,8,2026-07-04 09:00:00,2026-07-04 17:00:00,8.0,Completed,2026-07-04
303,535,39,2026-07-04,2026-07-04 07:00:00,2026-07-04 15:00:00,8,2026-07-04 07:00:00,2026-07-04 15:00:00,8.0,Completed,2026-07-04
304,464,3,2026-07-04,2026-07-04 07:00:00,2026-07-04 11:00:00,4,2026-07-04 07:00:00,2026-07-04 11:00:00,4.0,Completed,2026-07-04
305,358,2,2026-07-04,2026-07-04 22:00:00,2026-07-05 02:00:00,4,2026-07-04 22:00:00,2026-07-05 02:00:00,4.0,Completed,2026-07-04
306,247,43,2026-07-04,2026-07-04 07:00:00,2026-07-04 11:00:00,4,,,0.0,No-Show,2026-07-04
307,539,34,2026-07-04,2026-07-04 08:00:00,2026-07-04 16:00:00,8,2026-07-04 08:00:00,2026-07-04 16:00:00,8.0,Completed,2026-07-04
308,438,38,2026-07-04,2026-07-04 08:00:00,2026-07-04 20:00:00,12,2026-07-04 08:00:00,2026-07-04 20:00:00,12.0,Completed,2026-07-04
309,440,17,2026-07-04,2026-07-04 22:00:00,2026-07-05 04:00:00,6,2026-07-04 22:00:00,2026-07-05 04:00:00,6.0,Completed,2026-07-04
310,479,25,2026-07-04,2026-07-04 06:00:00,2026-07-04 12:00:00,6,2026-07-04 06:00:00,2026-07-04 12:00:00,6.0,Completed,2026-07-04
311,477,26,2026-07-04,2026-07-04 15:00:00,2026-07-05 03:00:00,12,,,0.0,Cancelled - Client,2026-07-04
312,481,47,2026-07-04,2026-07-04 09:00:00,2026-07-04 15:00:00,6,2026-07-04 09:00:00,2026-07-04 15:00:00,6.0,Completed,2026-07-04
313,528,32,2026-07-04,2026-07-04 06:00:00,2026-07-04 18:00:00,12,2026-07-04 06:00:00,2026-07-04 18:00:00,12.0,Completed,2026-07-04
314,525,39,2026-07-05,2026-07-05 22:00:00,2026-07-06 10:00:00,12,,,0.0,No-Show,2026-07-05
315,446,42,2026-07-05,2026-07-05 14:00:00,2026-07-05 18:00:00,4,2026-07-05 14:00:00,2026-07-05 18:00:00,4.0,Completed,2026-07-05
316,381,5,2026-07-05,2026-07-05 14:00:00,2026-07-06 02:00:00,12,2026-07-05 14:00:00,2026-07-06 02:00:00,12.0,Completed,2026-07-05
317,15,26,2026-07-05,2026-07-05 06:00:00,2026-07-05 18:00:00,12,2026-07-05 06:00:00,2026-07-05 18:00:00,12.0,Completed,2026-07-05
318,535,1,2026-07-05,2026-07-05 06:00:00,2026-07-05 14:00:00,8,,,0.0,Cancelled - Client,2026-07-05
319,416,38,2026-07-05,2026-07-05 15:00:00,2026-07-05 21:00:00,6,2026-07-05 15:00:00,2026-07-05 21:00:00,6.0,Completed,2026-07-05
320,26,17,2026-07-05,2026-07-05 08:00:00,2026-07-05 20:00:00,12,2026-07-05 08:00:00,2026-07-05 20:00:00,12.0,Completed,2026-07-05
321,25,16,2026-07-05,2026-07-05 22:00:00,2026-07-06 02:00:00,4,,,,Scheduled,2026-07-05
322,5,4,2026-07-05,2026-07-05 22:00:00,2026-07-06 06:00:00,8,2026-07-05 22:00:00,2026-07-06 06:00:00,8.0,Completed,2026-07-05
323,466,35,2026-07-05,2026-07-05 09:00:00,2026-07-05 13:00:00,4,2026-07-05 09:00:00,2026-07-05 13:00:00,4.0,Completed,2026-07-05
324,522,3,2026-07-05,2026-07-05 08:00:00,2026-07-05 12:00:00,4,2026-07-05 08:00:00,2026-07-05 12:00:00,4.0,Completed,2026-07-05
325,455,43,2026-07-05,2026-07-05 07:00:00,2026-07-05 19:00:00,12,2026-07-05 07:00:00,2026-07-05 19:00:00,12.0,Completed,2026-07-05
326,532,29,2026-07-05,2026-07-05 09:00:00,2026-07-05 13:00:00,4,2026-07-05 09:00:00,2026-07-05 13:00:00,4.0,Completed,2026-07-05
327,481,48,2026-07-05,2026-07-05 15:00:00,2026-07-05 23:00:00,8,,,0.0,No-Show,2026-07-05
328,29,30,2026-07-05,2026-07-05 22:00:00,2026-07-06 06:00:00,8,,,0.0,Cancelled - Employee,2026-07-05
329,543,25,2026-07-05,2026-07-05 06:00:00,2026-07-05 18:00:00,12,2026-07-05 06:00:00,2026-07-05 18:00:00,12.0,Completed,2026-07-05
330,524,19,2026-07-05,2026-07-05 08:00:00,2026-07-05 16:00:00,8,2026-07-05 08:00:00,2026-07-05 16:00:00,8.0,Completed,2026-07-05
331,503,34,2026-07-05,2026-07-05 07:00:00,2026-07-05 15:00:00,8,2026-07-05 07:00:00,2026-07-05 15:00:00,8.0,Completed,2026-07-05
332,492,32,2026-07-05,2026-07-05 08:00:00,2026-07-05 16:00:00,8,2026-07-05 08:00:00,2026-07-05 16:00:00,8.0,Completed,2026-07-05
333,30,44,2026-07-05,2026-07-05 22:00:00,2026-07-06 02:00:00,4,2026-07-05 22:00:00,2026-07-06 02:00:00,4.0,Completed,2026-07-05
334,537,40,2026-07-05,2026-07-05 09:00:00,2026-07-05 21:00:00,12,2026-07-05 09:00:00,2026-07-05 21:00:00,12.0,Completed,2026-07-05
335,487,45,2026-07-05,2026-07-05 15:00:00,2026-07-05 21:00:00,6,2026-07-05 15:00:00,2026-07-05 21:00:00,6.0,Completed,2026-07-05
336,517,21,2026-07-05,2026-07-05 22:00:00,2026-07-06 06:00:00,8,2026-07-05 22:00:00,2026-07-06 06:00:00,8.0,Completed,2026-07-05
337,394,49,2026-07-07,2026-07-07 22:00:00,2026-07-08 06:00:00,8,2026-07-07 22:00:00,2026-07-08 06:00:00,8.0,Completed,2026-07-07
338,247,19,2026-07-07,2026-07-07 22:00:00,2026-07-08 10:00:00,12,2026-07-07 22:00:00,2026-07-08 10:00:00,12.0,Completed,2026-07-07
339,476,45,2026-07-07,2026-07-07 06:00:00,2026-07-07 12:00:00,6,2026-07-07 06:00:00,2026-07-07 12:00:00,6.0,Completed,2026-07-07
340,479,28,2026-07-07,2026-07-07 14:00:00,2026-07-07 22:00:00,8,2026-07-07 14:00:00,2026-07-07 22:00:00,8.0,Completed,2026-07-07
341,522,39,2026-07-07,2026-07-07 15:00:00,2026-07-07 19:00:00,4,2026-07-07 15:00:00,2026-07-07 19:00:00,4.0,Completed,2026-07-07
342,25,1,2026-07-07,2026-07-07 14:00:00,2026-07-08 02:00:00,12,2026-07-07 14:00:00,2026-07-08 02:00:00,12.0,Completed,2026-07-07
343,5,22,2026-07-07,2026-07-07 09:00:00,2026-07-07 17:00:00,8,2026-07-07 09:00:00,2026-07-07 17:00:00,8.0,Completed,2026-07-07
344,20,4,2026-07-07,2026-07-07 22:00:00,2026-07-08 02:00:00,4,2026-07-07 22:00:00,2026-07-08 02:00:00,4.0,Completed,2026-07-07
345,440,17,2026-07-07,2026-07-07 06:00:00,2026-07-07 10:00:00,4,2026-07-07 06:00:00,2026-07-07 10:00:00,4.0,Completed,2026-07-07
346,442,15,2026-07-07,2026-07-07 07:00:00,2026-07-07 19:00:00,12,2026-07-07 07:00:00,2026-07-07 19:00:00,12.0,Completed,2026-07-07
347,528,30,2026-07-07,2026-07-07 15:00:00,2026-07-07 19:00:00,4,,,0.0,Cancelled - Client,2026-07-07
348,381,3,2026-07-07,2026-07-07 07:00:00,2026-07-07 13:00:00,6,,,0.0,Cancelled - Client,2026-07-07
349,537,50,2026-07-07,2026-07-07 06:00:00,2026-07-07 12:00:00,6,,,0.0,Cancelled - Client,2026-07-07
350,11,16,2026-07-07,2026-07-07 14:00:00,2026-07-07 22:00:00,8,2026-07-07 14:00:00,2026-07-07 22:00:00,8.0,Completed,2026-07-07
351,507,48,2026-07-07,2026-07-07 09:00:00,2026-07-07 15:00:00,6,2026-07-07 09:00:00,2026-07-07 15:00:00,6.0,Completed,2026-07-07
352,348,26,2026-07-07,2026-07-07 09:00:00,2026-07-07 15:00:00,6,,,,Scheduled,2026-07-07
353,481,5,2026-07-07,2026-07-07 14:00:00,2026-07-07 18:00:00,4,,,,Scheduled,2026-07-07
354,419,6,2026-07-07,2026-07-07 07:00:00,2026-07-07 13:00:00,6,2026-07-07 07:00:00,2026-07-07 13:00:00,6.0,Completed,2026-07-07
355,436,32,2026-07-07,2026-07-07 15:00:00,2026-07-07 21:00:00,6,2026-07-07 15:00:00,2026-07-07 21:00:00,6.0,Completed,2026-07-07
356,428,2,2026-07-07,2026-07-07 06:00:00,2026-07-07 12:00:00,6,,,0.0,Cancelled - Client,2026-07-07
357,510,35,2026-07-07,2026-07-07 06:00:00,2026-07-07 14:00:00,8,2026-07-07 06:00:00,2026-07-07 14:00:00,8.0,Completed,2026-07-07
358,541,43,2026-07-07,2026-07-07 06:00:00,2026-07-07 14:00:00,8,2026-07-07 06:00:00,2026-07-07 14:00:00,8.0,Completed,2026-07-07
359,14,19,2026-07-07,2026-07-07 09:00:00,2026-07-07 21:00:00,12,2026-07-07 09:00:00,2026-07-07 21:00:00,12.0,Completed,2026-07-07
360,436,32,2026-07-07,2026-07-07 06:00:00,2026-07-07 10:00:00,4,2026-07-07 06:00:00,2026-07-07 10:00:00,4.0,Completed,2026-07-07
361,549,1,2026-07-07,2026-07-07 07:00:00,2026-07-07 11:00:00,4,2026-07-07 07:00:00,2026-07-07 11:00:00,4.0,Completed,2026-07-07
362,498,42,2026-07-07,2026-07-07 07:00:00,2026-07-07 15:00:00,8,2026-07-07 07:00:00,2026-07-07 15:00:00,8.0,Completed,2026-07-07
363,539,45,2026-07-07,2026-07-07 14:00:00,2026-07-07 20:00:00,6,2026-07-07 14:00:00,2026-07-07 20:00:00,6.0,Completed,2026-07-07
364,545,30,2026-07-07,2026-07-07 08:00:00,2026-07-07 12:00:00,4,2026-07-07 08:00:00,2026-07-07 12:00:00,4.0,Completed,2026-07-07
365,541,43,2026-07-07,2026-07-07 09:00:00,2026-07-07 21:00:00,12,2026-07-07 09:00:00,2026-07-07 21:00:00,12.0,Completed,2026-07-07
366,358,35,2026-07-07,2026-07-07 06:00:00,2026-07-07 14:00:00,8,2026-07-07 06:00:00,2026-07-07 14:00:00,8.0,Completed,2026-07-07
367,458,44,2026-07-07,2026-07-07 09:00:00,2026-07-07 21:00:00,12,2026-07-07 09:00:00,2026-07-07 21:00:00,12.0,Completed,2026-07-07
368,513,5,2026-07-07,2026-07-07 06:00:00,2026-07-07 12:00:00,6,2026-07-07 06:00:00,2026-07-07 12:00:00,6.0,Completed,2026-07-07
369,520,49,2026-07-07,2026-07-07 15:00:00,2026-07-08 03:00:00,12,2026-07-07 15:00:00,2026-07-08 03:00:00,12.0,Completed,2026-07-07
370,474,41,2026-07-07,2026-07-07 07:00:00,2026-07-07 11:00:00,4,2026-07-07 07:00:00,2026-07-07 11:00:00,4.0,Completed,2026-07-07
371,25,48,2026-07-07,2026-07-07 07:00:00,2026-07-07 15:00:00,8,2026-07-07 07:00:00,2026-07-07 15:00:00,8.0,Completed,2026-07-07
372,500,40,2026-07-07,2026-07-07 06:00:00,2026-07-07 18:00:00,12,2026-07-07 06:00:00,2026-07-07 18:00:00,12.0,Completed,2026-07-07
373,461,26,2026-07-07,2026-07-07 14:00:00,2026-07-07 18:00:00,4,,,,Scheduled,2026-07-07
374,381,15,2026-07-07,2026-07-07 14:00:00,2026-07-07 18:00:00,4,2026-07-07 14:00:00,2026-07-07 18:00:00,4.0,Completed,2026-07-07
375,507,3,2026-07-07,2026-07-07 06:00:00,2026-07-07 10:00:00,4,2026-07-07 06:00:00,2026-07-07 10:00:00,4.0,Completed,2026-07-07
376,532,16,2026-07-07,2026-07-07 22:00:00,2026-07-08 02:00:00,4,2026-07-07 22:00:00,2026-07-08 02:00:00,4.0,Completed,2026-07-07
377,521,17,2026-07-07,2026-07-07 09:00:00,2026-07-07 17:00:00,8,2026-07-07 09:00:00,2026-07-07 17:00:00,8.0,Completed,2026-07-07
378,20,39,2026-07-07,2026-07-07 09:00:00,2026-07-07 17:00:00,8,2026-07-07 09:00:00,2026-07-07 17:00:00,8.0,Completed,2026-07-07
379,332,50,2026-07-07,2026-07-07 07:00:00,2026-07-07 15:00:00,8,2026-07-07 07:00:00,2026-07-07 15:00:00,8.0,Completed,2026-07-07
380,5,29,2026-07-07,2026-07-07 07:00:00,2026-07-07 15:00:00,8,2026-07-07 07:00:00,2026-07-07 15:00:00,8.0,Completed,2026-07-07
381,511,4,2026-07-08,2026-07-08 14:00:00,2026-07-08 18:00:00,4,,,0.0,Cancelled - Employee,2026-07-08
382,5,22,2026-07-08,2026-07-08 08:00:00,2026-07-08 20:00:00,12,2026-07-08 08:00:00,2026-07-08 20:00:00,12.0,Completed,2026-07-08
383,338,45,2026-07-08,2026-07-08 15:00:00,2026-07-08 21:00:00,6,2026-07-08 15:00:00,2026-07-08 21:00:00,6.0,Completed,2026-07-08
384,14,30,2026-07-08,2026-07-08 06:00:00,2026-07-08 10:00:00,4,2026-07-08 06:00:00,2026-07-08 10:00:00,4.0,Completed,2026-07-08
385,481,3,2026-07-08,2026-07-08 22:00:00,2026-07-09 06:00:00,8,2026-07-08 22:00:00,2026-07-09 06:00:00,8.0,Completed,2026-07-08
386,500,40,2026-07-08,2026-07-08 22:00:00,2026-07-09 02:00:00,4,2026-07-08 22:00:00,2026-07-09 02:00:00,4.0,Completed,2026-07-08
387,552,16,2026-07-08,2026-07-08 07:00:00,2026-07-08 19:00:00,12,2026-07-08 07:00:00,2026-07-08 19:00:00,12.0,Completed,2026-07-08
388,478,26,2026-07-08,2026-07-08 06:00:00,2026-07-08 12:00:00,6,2026-07-08 06:00:00,2026-07-08 12:00:00,6.0,Completed,2026-07-08
389,348,6,2026-07-08,2026-07-08 15:00:00,2026-07-08 21:00:00,6,2026-07-08 15:00:00,2026-07-08 21:00:00,6.0,Completed,2026-07-08
390,524,19,2026-07-08,2026-07-08 06:00:00,2026-07-08 18:00:00,12,,,0.0,Cancelled - Client,2026-07-08
391,525,1,2026-07-08,2026-07-08 08:00:00,2026-07-08 20:00:00,12,,,0.0,Cancelled - Employee,2026-07-08
392,492,43,2026-07-08,2026-07-08 09:00:00,2026-07-08 13:00:00,4,,,0.0,Cancelled - Employee,2026-07-08
393,541,35,2026-07-08,2026-07-08 07:00:00,2026-07-08 11:00:00,4,2026-07-08 07:00:00,2026-07-08 11:00:00,4.0,Completed,2026-07-08
394,550,5,2026-07-08,2026-07-08 22:00:00,2026-07-09 06:00:00,8,2026-07-08 22:00:00,2026-07-09 06:00:00,8.0,Completed,2026-07-08
395,394,39,2026-07-08,2026-07-08 22:00:00,2026-07-09 10:00:00,12,,,0.0,No-Show,2026-07-08
396,521,28,2026-07-08,2026-07-08 14:00:00,2026-07-08 18:00:00,4,2026-07-08 14:00:00,2026-07-08 18:00:00,4.0,Completed,2026-07-08
397,11,15,2026-07-08,2026-07-08 07:00:00,2026-07-08 11:00:00,4,2026-07-08 07:00:00,2026-07-08 11:00:00,4.0,Completed,2026-07-08
398,493,37,2026-07-08,2026-07-08 22:00:00,2026-07-09 04:00:00,6,2026-07-08 22:00:00,2026-07-09 04:00:00,6.0,Completed,2026-07-08
399,513,48,2026-07-08,2026-07-08 06:00:00,2026-07-08 18:00:00,12,2026-07-08 06:00:00,2026-07-08 18:00:00,12.0,Completed,2026-07-08
400,440,17,2026-07-08,2026-07-08 15:00:00,2026-07-09 03:00:00,12,2026-07-08 15:00:00,2026-07-09 03:00:00,12.0,Completed,2026-07-08
401,509,21,2026-07-08,2026-07-08 09:00:00,2026-07-08 21:00:00,12,2026-07-08 09:00:00,2026-07-08 21:00:00,12.0,Completed,2026-07-08
402,505,51,2026-07-08,2026-07-08 06:00:00,2026-07-08 10:00:00,4,2026-07-08 06:00:00,2026-07-08 10:00:00,4.0,Completed,2026-07-08
403,358,42,2026-07-08,2026-07-08 15:00:00,2026-07-08 19:00:00,4,2026-07-08 15:00:00,2026-07-08 19:00:00,4.0,Completed,2026-07-08
404,522,48,2026-07-09,2026-07-09 09:00:00,2026-07-09 13:00:00,4,2026-07-09 09:00:00,2026-07-09 13:00:00,4.0,Completed,2026-07-09
405,507,5,2026-07-09,2026-07-09 15:00:00,2026-07-09 23:00:00,8,2026-07-09 15:00:00,2026-07-09 23:00:00,8.0,Completed,2026-07-09
406,12,26,2026-07-09,2026-07-09 14:00:00,2026-07-09 20:00:00,6,,,,Scheduled,2026-07-09
407,487,41,2026-07-09,2026-07-09 09:00:00,2026-07-09 17:00:00,8,2026-07-09 09:00:00,2026-07-09 17:00:00,8.0,Completed,2026-07-09
408,381,49,2026-07-09,2026-07-09 14:00:00,2026-07-09 18:00:00,4,2026-07-09 14:00:00,2026-07-09 18:00:00,4.0,Completed,2026-07-09
409,5,16,2026-07-09,2026-07-09 06:00:00,2026-07-09 10:00:00,4,,,0.0,Cancelled - Employee,2026-07-09
410,539,45,2026-07-09,2026-07-09 14:00:00,2026-07-10 02:00:00,12,2026-07-09 14:00:00,2026-07-10 02:00:00,12.0,Completed,2026-07-09
411,9,37,2026-07-09,2026-07-09 08:00:00,2026-07-09 12:00:00,4,,,,Scheduled,2026-07-09
412,492,30,2026-07-09,2026-07-09 08:00:00,2026-07-09 12:00:00,4,2026-07-09 08:00:00,2026-07-09 12:00:00,4.0,Completed,2026-07-09
413,493,38,2026-07-09,2026-07-09 22:00:00,2026-07-10 06:00:00,8,2026-07-09 22:00:00,2026-07-10 06:00:00,8.0,Completed,2026-07-09
414,442,1,2026-07-09,2026-07-09 06:00:00,2026-07-09 12:00:00,6,2026-07-09 06:00:00,2026-07-09 12:00:00,6.0,Completed,2026-07-09
415,446,19,2026-07-09,2026-07-09 15:00:00,2026-07-09 23:00:00,8,2026-07-09 15:00:00,2026-07-09 23:00:00,8.0,Completed,2026-07-09
416,551,35,2026-07-09,2026-07-09 14:00:00,2026-07-10 02:00:00,12,,,0.0,Cancelled - Employee,2026-07-09
417,332,52,2026-07-09,2026-07-09 08:00:00,2026-07-09 16:00:00,8,2026-07-09 08:00:00,2026-07-09 16:00:00,8.0,Completed,2026-07-09
418,29,32,2026-07-09,2026-07-09 07:00:00,2026-07-09 11:00:00,4,2026-07-09 07:00:00,2026-07-09 11:00:00,4.0,Completed,2026-07-09
419,469,40,2026-07-09,2026-07-09 09:00:00,2026-07-09 15:00:00,6,2026-07-09 09:00:00,2026-07-09 15:00:00,6.0,Completed,2026-07-09
420,553,3,2026-07-09,2026-07-09 06:00:00,2026-07-09 14:00:00,8,2026-07-09 06:00:00,2026-07-09 14:00:00,8.0,Completed,2026-07-09
421,27,43,2026-07-09,2026-07-09 07:00:00,2026-07-09 19:00:00,12,2026-07-09 07:00:00,2026-07-09 19:00:00,12.0,Completed,2026-07-09
422,536,17,2026-07-09,2026-07-09 07:00:00,2026-07-09 19:00:00,12,,,0.0,No-Show,2026-07-09
423,506,44,2026-07-09,2026-07-09 06:00:00,2026-07-09 12:00:00,6,2026-07-09 06:00:00,2026-07-09 12:00:00,6.0,Completed,2026-07-09
424,20,15,2026-07-09,2026-07-09 15:00:00,2026-07-09 23:00:00,8,2026-07-09 15:00:00,2026-07-09 23:00:00,8.0,Completed,2026-07-09
425,25,39,2026-07-09,2026-07-09 09:00:00,2026-07-09 13:00:00,4,2026-07-09 09:00:00,2026-07-09 13:00:00,4.0,Completed,2026-07-09
426,546,35,2026-07-10,2026-07-10 22:00:00,2026-07-11 10:00:00,12,2026-07-10 22:00:00,2026-07-11 10:00:00,12.0,Completed,2026-07-10
427,502,26,2026-07-10,2026-07-10 06:00:00,2026-07-10 10:00:00,4,2026-07-10 06:00:00,2026-07-10 10:00:00,4.0,Completed,2026-07-10
428,555,48,2026-07-10,2026-07-10 14:00:00,2026-07-10 18:00:00,4,2026-07-10 14:00:00,2026-07-10 18:00:00,4.0,Completed,2026-07-10
429,474,45,2026-07-10,2026-07-10 07:00:00,2026-07-10 13:00:00,6,2026-07-10 07:00:00,2026-07-10 13:00:00,6.0,Completed,2026-07-10
430,542,39,2026-07-10,2026-07-10 14:00:00,2026-07-10 20:00:00,6,2026-07-10 14:00:00,2026-07-10 20:00:00,6.0,Completed,2026-07-10
431,394,3,2026-07-10,2026-07-10 08:00:00,2026-07-10 12:00:00,4,2026-07-10 08:00:00,2026-07-10 12:00:00,4.0,Completed,2026-07-10
432,543,25,2026-07-10,2026-07-10 09:00:00,2026-07-10 17:00:00,8,2026-07-10 09:00:00,2026-07-10 17:00:00,8.0,Completed,2026-07-10
433,513,15,2026-07-10,2026-07-10 07:00:00,2026-07-10 11:00:00,4,2026-07-10 07:00:00,2026-07-10 11:00:00,4.0,Completed,2026-07-10
434,5,16,2026-07-10,2026-07-10 15:00:00,2026-07-11 03:00:00,12,2026-07-10 15:00:00,2026-07-11 03:00:00,12.0,Completed,2026-07-10
435,551,32,2026-07-10,2026-07-10 08:00:00,2026-07-10 14:00:00,6,2026-07-10 08:00:00,2026-07-10 14:00:00,6.0,Completed,2026-07-10
436,10,40,2026-07-10,2026-07-10 06:00:00,2026-07-10 14:00:00,8,2026-07-10 06:00:00,2026-07-10 14:00:00,8.0,Completed,2026-07-10
437,491,53,2026-07-10,2026-07-10 08:00:00,2026-07-10 14:00:00,6,2026-07-10 08:00:00,2026-07-10 14:00:00,6.0,Completed,2026-07-10
438,26,7,2026-07-10,2026-07-10 08:00:00,2026-07-10 12:00:00,4,2026-07-10 08:00:00,2026-07-10 12:00:00,4.0,Completed,2026-07-10
439,20,49,2026-07-10,2026-07-10 15:00:00,2026-07-10 19:00:00,4,2026-07-10 15:00:00,2026-07-10 19:00:00,4.0,Completed,2026-07-10
440,428,19,2026-07-10,2026-07-10 15:00:00,2026-07-10 19:00:00,4,2026-07-10 15:00:00,2026-07-10 19:00:00,4.0,Completed,2026-07-10
441,554,17,2026-07-10,2026-07-10 07:00:00,2026-07-10 11:00:00,4,,,0.0,Cancelled - Employee,2026-07-10
442,535,1,2026-07-10,2026-07-10 08:00:00,2026-07-10 14:00:00,6,2026-07-10 08:00:00,2026-07-10 14:00:00,6.0,Completed,2026-07-10
443,358,30,2026-07-10,2026-07-10 06:00:00,2026-07-10 10:00:00,4,2026-07-10 06:00:00,2026-07-10 10:00:00,4.0,Completed,2026-07-10
444,503,12,2026-07-10,2026-07-10 06:00:00,2026-07-10 14:00:00,8,2026-07-10 06:00:00,2026-07-10 14:00:00,8.0,Completed,2026-07-10
445,525,55,2026-07-10,2026-07-10 09:00:00,2026-07-10 15:00:00,6,2026-07-10 09:00:00,2026-07-10 15:00:00,6.0,Completed,2026-07-10
446,14,43,2026-07-10,2026-07-10 09:00:00,2026-07-10 17:00:00,8,2026-07-10 09:00:00,2026-07-10 17:00:00,8.0,Completed,2026-07-10
447,547,36,2026-07-11,2026-07-11 22:00:00,2026-07-12 04:00:00,6,,,0.0,Cancelled - Client,2026-07-11
448,542,49,2026-07-11,2026-07-11 14:00:00,2026-07-11 20:00:00,6,2026-07-11 14:00:00,2026-07-11 20:00:00,6.0,Completed,2026-07-11
449,522,54,2026-07-11,2026-07-11 06:00:00,2026-07-11 18:00:00,12,2026-07-11 06:00:00,2026-07-11 18:00:00,12.0,Completed,2026-07-11
450,501,26,2026-07-11,2026-07-11 09:00:00,2026-07-11 17:00:00,8,,,0.0,Cancelled - Employee,2026-07-11
451,509,17,2026-07-11,2026-07-11 06:00:00,2026-07-11 12:00:00,6,,,,Scheduled,2026-07-11
452,532,39,2026-07-11,2026-07-11 22:00:00,2026-07-12 06:00:00,8,2026-07-11 22:00:00,2026-07-12 06:00:00,8.0,Completed,2026-07-11
453,537,40,2026-07-11,2026-07-11 07:00:00,2026-07-11 11:00:00,4,2026-07-11 07:00:00,2026-07-11 11:00:00,4.0,Completed,2026-07-11
454,557,25,2026-07-11,2026-07-11 06:00:00,2026-07-11 18:00:00,12,2026-07-11 06:00:00,2026-07-11 18:00:00,12.0,Completed,2026-07-11
455,555,5,2026-07-11,2026-07-11 22:00:00,2026-07-12 04:00:00,6,2026-07-11 22:00:00,2026-07-12 04:00:00,6.0,Completed,2026-07-11
456,20,16,2026-07-11,2026-07-11 15:00:00,2026-07-12 03:00:00,12,2026-07-11 15:00:00,2026-07-12 03:00:00,12.0,Completed,2026-07-11
457,492,19,2026-07-11,2026-07-11 09:00:00,2026-07-11 17:00:00,8,2026-07-11 09:00:00,2026-07-11 17:00:00,8.0,Completed,2026-07-11
458,550,1,2026-07-11,2026-07-11 08:00:00,2026-07-11 14:00:00,6,2026-07-11 08:00:00,2026-07-11 14:00:00,6.0,Completed,2026-07-11
459,381,22,2026-07-11,2026-07-11 09:00:00,2026-07-11 13:00:00,4,,,0.0,No-Show,2026-07-11
460,476,52,2026-07-11,2026-07-11 22:00:00,2026-07-12 04:00:00,6,2026-07-11 22:00:00,2026-07-12 04:00:00,6.0,Completed,2026-07-11
461,14,43,2026-07-11,2026-07-11 07:00:00,2026-07-11 15:00:00,8,,,,Scheduled,2026-07-11
462,27,32,2026-07-11,2026-07-11 22:00:00,2026-07-12 02:00:00,4,2026-07-11 22:00:00,2026-07-12 02:00:00,4.0,Completed,2026-07-11
463,17,15,2026-07-11,2026-07-11 06:00:00,2026-07-11 12:00:00,6,2026-07-11 06:00:00,2026-07-11 12:00:00,6.0,Completed,2026-07-11
464,545,30,2026-07-11,2026-07-11 14:00:00,2026-07-11 18:00:00,4,,,0.0,No-Show,2026-07-11
465,553,55,2026-07-11,2026-07-11 09:00:00,2026-07-11 15:00:00,6,2026-07-11 09:00:00,2026-07-11 15:00:00,6.0,Completed,2026-07-11
466,520,3,2026-07-11,2026-07-11 15:00:00,2026-07-11 19:00:00,4,,,0.0,Cancelled - Client,2026-07-11
467,544,45,2026-07-11,2026-07-11 09:00:00,2026-07-11 21:00:00,12,2026-07-11 09:00:00,2026-07-11 21:00:00,12.0,Completed,2026-07-11
468,442,56,2026-07-11,2026-07-11 07:00:00,2026-07-11 19:00:00,12,2026-07-11 07:00:00,2026-07-11 19:00:00,12.0,Completed,2026-07-11
469,532,48,2026-07-12,2026-07-12 14:00:00,2026-07-12 22:00:00,8,,,0.0,Cancelled - Employee,2026-07-12
470,507,55,2026-07-12,2026-07-12 14:00:00,2026-07-12 18:00:00,4,,,0.0,Cancelled - Client,2026-07-12
471,517,51,2026-07-12,2026-07-12 09:00:00,2026-07-12 21:00:00,12,,,0.0,No-Show,2026-07-12
472,247,32,2026-07-12,2026-07-12 14:00:00,2026-07-12 18:00:00,4,2026-07-12 14:00:00,2026-07-12 18:00:00,4.0,Completed,2026-07-12
473,528,30,2026-07-12,2026-07-12 07:00:00,2026-07-12 15:00:00,8,2026-07-12 07:00:00,2026-07-12 15:00:00,8.0,Completed,2026-07-12
474,544,40,2026-07-12,2026-07-12 22:00:00,2026-07-13 02:00:00,4,2026-07-12 22:00:00,2026-07-13 02:00:00,4.0,Completed,2026-07-12
475,5,4,2026-07-12,2026-07-12 14:00:00,2026-07-13 02:00:00,12,2026-07-12 14:00:00,2026-07-13 02:00:00,12.0,Completed,2026-07-12
476,520,39,2026-07-12,2026-07-12 22:00:00,2026-07-13 02:00:00,4,2026-07-12 22:00:00,2026-07-13 02:00:00,4.0,Completed,2026-07-12
477,394,1,2026-07-12,2026-07-12 09:00:00,2026-07-12 15:00:00,6,2026-07-12 09:00:00,2026-07-12 15:00:00,6.0,Completed,2026-07-12
478,10,53,2026-07-12,2026-07-12 15:00:00,2026-07-13 03:00:00,12,2026-07-12 15:00:00,2026-07-13 03:00:00,12.0,Completed,2026-07-12
479,542,16,2026-07-12,2026-07-12 22:00:00,2026-07-13 10:00:00,12,2026-07-12 22:00:00,2026-07-13 10:00:00,12.0,Completed,2026-07-12
480,543,17,2026-07-12,2026-07-12 14:00:00,2026-07-13 02:00:00,12,2026-07-12 14:00:00,2026-07-13 02:00:00,12.0,Completed,2026-07-12
481,25,15,2026-07-12,2026-07-12 22:00:00,2026-07-13 04:00:00,6,2026-07-12 22:00:00,2026-07-13 04:00:00,6.0,Completed,2026-07-12
482,15,36,2026-07-12,2026-07-12 06:00:00,2026-07-12 12:00:00,6,2026-07-12 06:00:00,2026-07-12 12:00:00,6.0,Completed,2026-07-12
483,415,26,2026-07-12,2026-07-12 08:00:00,2026-07-12 14:00:00,6,2026-07-12 08:00:00,2026-07-12 14:00:00,6.0,Completed,2026-07-12
484,537,52,2026-07-12,2026-07-12 14:00:00,2026-07-12 22:00:00,8,2026-07-12 14:00:00,2026-07-12 22:00:00,8.0,Completed,2026-07-12
485,474,50,2026-07-12,2026-07-12 07:00:00,2026-07-12 11:00:00,4,2026-07-12 07:00:00,2026-07-12 11:00:00,4.0,Completed,2026-07-12
486,442,56,2026-07-12,2026-07-12 22:00:00,2026-07-13 04:00:00,6,2026-07-12 22:00:00,2026-07-13 04:00:00,6.0,Completed,2026-07-12
487,511,5,2026-07-12,2026-07-12 07:00:00,2026-07-12 13:00:00,6,2026-07-12 07:00:00,2026-07-12 13:00:00,6.0,Completed,2026-07-12
488,338,45,2026-07-12,2026-07-12 08:00:00,2026-07-12 16:00:00,8,2026-07-12 08:00:00,2026-07-12 16:00:00,8.0,Completed,2026-07-12
489,535,4,2026-07-13,2026-07-13 07:00:00,2026-07-13 11:00:00,4,2026-07-13 07:00:00,2026-07-13 11:00:00,4.0,Completed,2026-07-13
490,503,52,2026-07-13,2026-07-13 06:00:00,2026-07-13 14:00:00,8,2026-07-13 06:00:00,2026-07-13 14:00:00,8.0,Completed,2026-07-13
491,17,39,2026-07-13,2026-07-13 08:00:00,2026-07-13 14:00:00,6,2026-07-13 08:00:00,2026-07-13 14:00:00,6.0,Completed,2026-07-13
492,340,26,2026-07-13,2026-07-13 22:00:00,2026-07-14 04:00:00,6,2026-07-13 22:00:00,2026-07-14 04:00:00,6.0,Completed,2026-07-13
493,505,17,2026-07-13,2026-07-13 06:00:00,2026-07-13 18:00:00,12,2026-07-13 06:00:00,2026-07-13 18:00:00,12.0,Completed,2026-07-13
494,348,38,2026-07-13,2026-07-13 06:00:00,2026-07-13 18:00:00,12,,,0.0,Cancelled - Employee,2026-07-13
495,539,45,2026-07-13,2026-07-13 22:00:00,2026-07-14 10:00:00,12,2026-07-13 22:00:00,2026-07-14 10:00:00,12.0,Completed,2026-07-13
496,10,44,2026-07-13,2026-07-13 08:00:00,2026-07-13 12:00:00,4,,,0.0,Cancelled - Client,2026-07-13
497,349,25,2026-07-13,2026-07-13 08:00:00,2026-07-13 16:00:00,8,2026-07-13 08:00:00,2026-07-13 16:00:00,8.0,Completed,2026-07-13
498,395,50,2026-07-13,2026-07-13 14:00:00,2026-07-13 22:00:00,8,,,0.0,Cancelled - Client,2026-07-13
499,509,28,2026-07-13,2026-07-13 14:00:00,2026-07-13 18:00:00,4,2026-07-13 14:00:00,2026-07-13 18:00:00,4.0,Completed,2026-07-13
500,381,55,2026-07-13,2026-07-13 07:00:00,2026-07-13 11:00:00,4,2026-07-13 07:00:00,2026-07-13 11:00:00,4.0,Completed,2026-07-13
501,528,19,2026-07-13,2026-07-13 08:00:00,2026-07-13 20:00:00,12,2026-07-13 08:00:00,2026-07-13 20:00:00,12.0,Completed,2026-07-13
502,5,1,2026-07-13,2026-07-13 09:00:00,2026-07-13 13:00:00,4,2026-07-13 09:00:00,2026-07-13 13:00:00,4.0,Completed,2026-07-13
503,561,22,2026-07-13,2026-07-13 15:00:00,2026-07-14 03:00:00,12,2026-07-13 15:00:00,2026-07-14 03:00:00,12.0,Completed,2026-07-13
504,27,43,2026-07-13,2026-07-13 22:00:00,2026-07-14 10:00:00,12,2026-07-13 22:00:00,2026-07-14 10:00:00,12.0,Completed,2026-07-13
505,495,53,2026-07-13,2026-07-13 08:00:00,2026-07-13 16:00:00,8,2026-07-13 08:00:00,2026-07-13 16:00:00,8.0,Completed,2026-07-13
506,487,40,2026-07-13,2026-07-13 09:00:00,2026-07-13 13:00:00,4,2026-07-13 09:00:00,2026-07-13 13:00:00,4.0,Completed,2026-07-13
507,25,15,2026-07-13,2026-07-13 14:00:00,2026-07-13 22:00:00,8,2026-07-13 14:00:00,2026-07-13 22:00:00,8.0,Completed,2026-07-13
508,403,37,2026-07-13,2026-07-13 09:00:00,2026-07-13 15:00:00,6,,,0.0,Cancelled - Client,2026-07-13
509,308,33,2026-07-13,2026-07-13 14:00:00,2026-07-13 20:00:00,6,,,0.0,Cancelled - Employee,2026-07-13
510,522,3,2026-07-13,2026-07-13 06:00:00,2026-07-13 12:00:00,6,2026-07-13 06:00:00,2026-07-13 12:00:00,6.0,Completed,2026-07-13
511,555,5,2026-07-13,2026-07-13 14:00:00,2026-07-14 02:00:00,12,2026-07-13 14:00:00,2026-07-14 02:00:00,12.0,Completed,2026-07-13
512,11,48,2026-07-13,2026-07-13 22:00:00,2026-07-14 10:00:00,12,,,0.0,Cancelled - Employee,2026-07-13
513,476,52,2026-07-14,2026-07-14 06:00:00,2026-07-14 12:00:00,6,,,,Scheduled,2026-07-14
514,381,49,2026-07-14,2026-07-14 15:00:00,2026-07-14 23:00:00,8,2026-07-14 15:00:00,2026-07-14 23:00:00,8.0,Completed,2026-07-14
515,11,56,2026-07-14,2026-07-14 09:00:00,2026-07-14 17:00:00,8,2026-07-14 09:00:00,2026-07-14 17:00:00,8.0,Completed,2026-07-14
516,520,16,2026-07-14,2026-07-14 22:00:00,2026-07-15 02:00:00,4,,,0.0,No-Show,2026-07-14
517,528,19,2026-07-14,2026-07-14 06:00:00,2026-07-14 10:00:00,4,2026-07-14 06:00:00,2026-07-14 10:00:00,4.0,Completed,2026-07-14
518,501,38,2026-07-14,2026-07-14 15:00:00,2026-07-15 03:00:00,12,,,0.0,Cancelled - Client,2026-07-14
519,20,22,2026-07-14,2026-07-14 06:00:00,2026-07-14 14:00:00,8,,,,Scheduled,2026-07-14
520,522,5,2026-07-14,2026-07-14 08:00:00,2026-07-14 20:00:00,12,,,0.0,Cancelled - Client,2026-07-14
521,394,15,2026-07-14,2026-07-14 14:00:00,2026-07-14 20:00:00,6,,,,Scheduled,2026-07-14
522,555,48,2026-07-14,2026-07-14 15:00:00,2026-07-14 19:00:00,4,2026-07-14 15:00:00,2026-07-14 19:00:00,4.0,Completed,2026-07-14
523,438,26,2026-07-14,2026-07-14 07:00:00,2026-07-14 15:00:00,8,2026-07-14 07:00:00,2026-07-14 15:00:00,8.0,Completed,2026-07-14
524,546,32,2026-07-14,2026-07-14 09:00:00,2026-07-14 17:00:00,8,2026-07-14 09:00:00,2026-07-14 17:00:00,8.0,Completed,2026-07-14
525,506,40,2026-07-14,2026-07-14 08:00:00,2026-07-14 20:00:00,12,,,0.0,Cancelled - Client,2026-07-14
526,5,4,2026-07-14,2026-07-14 07:00:00,2026-07-14 15:00:00,8,,,0.0,Cancelled - Employee,2026-07-14
527,532,1,2026-07-14,2026-07-14 08:00:00,2026-07-14 16:00:00,8,2026-07-14 08:00:00,2026-07-14 16:00:00,8.0,Completed,2026-07-14
528,14,30,2026-07-14,2026-07-14 06:00:00,2026-07-14 14:00:00,8,,,0.0,Cancelled - Employee,2026-07-14
529,550,39,2026-07-14,2026-07-14 15:00:00,2026-07-14 23:00:00,8,2026-07-14 15:00:00,2026-07-14 23:00:00,8.0,Completed,2026-07-14
530,517,17,2026-07-14,2026-07-14 08:00:00,2026-07-14 14:00:00,6,2026-07-14 08:00:00,2026-07-14 14:00:00,6.0,Completed,2026-07-14
531,30,34,2026-07-14,2026-07-14 08:00:00,2026-07-14 20:00:00,12,,,0.0,Cancelled - Client,2026-07-14
532,12,6,2026-07-14,2026-07-14 15:00:00,2026-07-14 23:00:00,8,2026-07-14 15:00:00,2026-07-14 23:00:00,8.0,Completed,2026-07-14
533,542,55,2026-07-14,2026-07-14 15:00:00,2026-07-14 21:00:00,6,2026-07-14 15:00:00,2026-07-14 21:00:00,6.0,Completed,2026-07-14
534,525,3,2026-07-14,2026-07-14 07:00:00,2026-07-14 15:00:00,8,2026-07-14 07:00:00,2026-07-14 15:00:00,8.0,Completed,2026-07-14
535,466,57,2026-07-14,2026-07-14 06:00:00,2026-07-14 12:00:00,6,2026-07-14 06:00:00,2026-07-14 12:00:00,6.0,Completed,2026-07-14
536,535,22,2026-07-15,2026-07-15 15:00:00,2026-07-15 21:00:00,6,2026-07-15 15:00:00,2026-07-15 21:00:00,6.0,Completed,2026-07-15
537,544,40,2026-07-15,2026-07-15 14:00:00,2026-07-15 20:00:00,6,2026-07-15 14:00:00,2026-07-15 20:00:00,6.0,Completed,2026-07-15
538,436,32,2026-07-15,2026-07-15 14:00:00,2026-07-15 18:00:00,4,,,0.0,Cancelled - Client,2026-07-15
539,476,45,2026-07-15,2026-07-15 22:00:00,2026-07-16 06:00:00,8,2026-07-15 22:00:00,2026-07-16 06:00:00,8.0,Completed,2026-07-15
540,506,52,2026-07-15,2026-07-15 06:00:00,2026-07-15 14:00:00,8,,,0.0,Cancelled - Client,2026-07-15
541,466,43,2026-07-15,2026-07-15 15:00:00,2026-07-15 21:00:00,6,2026-07-15 15:00:00,2026-07-15 21:00:00,6.0,Completed,2026-07-15
542,550,1,2026-07-15,2026-07-15 14:00:00,2026-07-16 02:00:00,12,2026-07-15 14:00:00,2026-07-16 02:00:00,12.0,Completed,2026-07-15
543,532,48,2026-07-15,2026-07-15 07:00:00,2026-07-15 13:00:00,6,2026-07-15 07:00:00,2026-07-15 13:00:00,6.0,Completed,2026-07-15
544,505,17,2026-07-15,2026-07-15 22:00:00,2026-07-16 06:00:00,8,2026-07-15 22:00:00,2026-07-16 06:00:00,8.0,Completed,2026-07-15
545,525,15,2026-07-15,2026-07-15 06:00:00,2026-07-15 14:00:00,8,2026-07-15 06:00:00,2026-07-15 14:00:00,8.0,Completed,2026-07-15
546,442,55,2026-07-15,2026-07-15 06:00:00,2026-07-15 18:00:00,12,2026-07-15 06:00:00,2026-07-15 18:00:00,12.0,Completed,2026-07-15
547,395,34,2026-07-15,2026-07-15 07:00:00,2026-07-15 15:00:00,8,2026-07-15 07:00:00,2026-07-15 15:00:00,8.0,Completed,2026-07-15
548,440,7,2026-07-15,2026-07-15 07:00:00,2026-07-15 11:00:00,4,2026-07-15 07:00:00,2026-07-15 11:00:00,4.0,Completed,2026-07-15
549,552,16,2026-07-15,2026-07-15 15:00:00,2026-07-15 21:00:00,6,2026-07-15 15:00:00,2026-07-15 21:00:00,6.0,Completed,2026-07-15
550,10,44,2026-07-15,2026-07-15 22:00:00,2026-07-16 02:00:00,4,2026-07-15 22:00:00,2026-07-16 02:00:00,4.0,Completed,2026-07-15
551,520,49,2026-07-15,2026-07-15 14:00:00,2026-07-16 02:00:00,12,2026-07-15 14:00:00,2026-07-16 02:00:00,12.0,Completed,2026-07-15
552,509,51,2026-07-15,2026-07-15 09:00:00,2026-07-15 13:00:00,4,2026-07-15 09:00:00,2026-07-15 13:00:00,4.0,Completed,2026-07-15
553,565,33,2026-07-15,2026-07-15 09:00:00,2026-07-15 15:00:00,6,2026-07-15 09:00:00,2026-07-15 15:00:00,6.0,Completed,2026-07-15
554,25,5,2026-07-15,2026-07-15 06:00:00,2026-07-15 14:00:00,8,,,0.0,Cancelled - Client,2026-07-15
555,536,25,2026-07-15,2026-07-15 22:00:00,2026-07-16 10:00:00,12,2026-07-15 22:00:00,2026-07-16 10:00:00,12.0,Completed,2026-07-15
556,546,19,2026-07-15,2026-07-15 09:00:00,2026-07-15 15:00:00,6,2026-07-15 09:00:00,2026-07-15 15:00:00,6.0,Completed,2026-07-15
557,478,26,2026-07-15,2026-07-15 09:00:00,2026-07-15 13:00:00,4,2026-07-15 09:00:00,2026-07-15 13:00:00,4.0,Completed,2026-07-15
558,20,56,2026-07-15,2026-07-15 06:00:00,2026-07-15 10:00:00,4,2026-07-15 06:00:00,2026-07-15 10:00:00,4.0,Completed,2026-07-15
559,29,10,2026-07-15,2026-07-15 06:00:00,2026-07-15 18:00:00,12,2026-07-15 06:00:00,2026-07-15 18:00:00,12.0,Completed,2026-07-15
560,555,3,2026-07-15,2026-07-15 14:00:00,2026-07-16 02:00:00,12,2026-07-15 14:00:00,2026-07-16 02:00:00,12.0,Completed,2026-07-15
561,381,39,2026-07-15,2026-07-15 14:00:00,2026-07-15 22:00:00,8,2026-07-15 14:00:00,2026-07-15 22:00:00,8.0,Completed,2026-07-15
562,524,30,2026-07-15,2026-07-15 09:00:00,2026-07-15 21:00:00,12,2026-07-15 09:00:00,2026-07-15 21:00:00,12.0,Completed,2026-07-15
563,11,4,2026-07-15,2026-07-15 09:00:00,2026-07-15 17:00:00,8,,,0.0,Cancelled - Client,2026-07-15
564,458,52,2026-07-16,2026-07-16 06:00:00,2026-07-16 12:00:00,6,2026-07-16 06:00:00,2026-07-16 12:00:00,6.0,Completed,2026-07-16
565,481,3,2026-07-16,2026-07-16 15:00:00,2026-07-16 19:00:00,4,2026-07-16 15:00:00,2026-07-16 19:00:00,4.0,Completed,2026-07-16
566,535,1,2026-07-16,2026-07-16 09:00:00,2026-07-16 17:00:00,8,2026-07-16 09:00:00,2026-07-16 17:00:00,8.0,Completed,2026-07-16
567,5,15,2026-07-16,2026-07-16 22:00:00,2026-07-17 04:00:00,6,,,,Scheduled,2026-07-16
568,513,39,2026-07-16,2026-07-16 07:00:00,2026-07-16 19:00:00,12,,,,Scheduled,2026-07-16
569,381,55,2026-07-16,2026-07-16 08:00:00,2026-07-16 12:00:00,4,,,0.0,Cancelled - Employee,2026-07-16
570,498,30,2026-07-16,2026-07-16 06:00:00,2026-07-16 10:00:00,4,,,,Scheduled,2026-07-16
571,487,45,2026-07-16,2026-07-16 22:00:00,2026-07-17 02:00:00,4,,,0.0,Cancelled - Employee,2026-07-16
572,27,32,2026-07-16,2026-07-16 08:00:00,2026-07-16 16:00:00,8,2026-07-16 08:00:00,2026-07-16 16:00:00,8.0,Completed,2026-07-16
573,11,16,2026-07-16,2026-07-16 09:00:00,2026-07-16 17:00:00,8,2026-07-16 09:00:00,2026-07-16 17:00:00,8.0,Completed,2026-07-16
574,555,54,2026-07-16,2026-07-16 06:00:00,2026-07-16 12:00:00,6,2026-07-16 06:00:00,2026-07-16 12:00:00,6.0,Completed,2026-07-16
575,520,5,2026-07-16,2026-07-16 08:00:00,2026-07-16 12:00:00,4,2026-07-16 08:00:00,2026-07-16 12:00:00,4.0,Completed,2026-07-16
576,552,4,2026-07-16,2026-07-16 07:00:00,2026-07-16 19:00:00,12,2026-07-16 07:00:00,2026-07-16 19:00:00,12.0,Completed,2026-07-16
577,519,53,2026-07-16,2026-07-16 15:00:00,2026-07-16 19:00:00,4,2026-07-16 15:00:00,2026-07-16 19:00:00,4.0,Completed,2026-07-16
578,340,36,2026-07-16,2026-07-16 14:00:00,2026-07-17 02:00:00,12,2026-07-16 14:00:00,2026-07-17 02:00:00,12.0,Completed,2026-07-16
579,502,58,2026-07-16,2026-07-16 09:00:00,2026-07-16 15:00:00,6,,,0.0,Cancelled - Client,2026-07-16
580,442,48,2026-07-16,2026-07-16 08:00:00,2026-07-16 20:00:00,12,2026-07-16 08:00:00,2026-07-16 20:00:00,12.0,Completed,2026-07-16
581,338,40,2026-07-16,2026-07-16 14:00:00,2026-07-16 18:00:00,4,2026-07-16 14:00:00,2026-07-16 18:00:00,4.0,Completed,2026-07-16
582,12,26,2026-07-16,2026-07-16 22:00:00,2026-07-17 10:00:00,12,2026-07-16 22:00:00,2026-07-17 10:00:00,12.0,Completed,2026-07-16
583,536,17,2026-07-16,2026-07-16 09:00:00,2026-07-16 13:00:00,4,,,,Scheduled,2026-07-16
584,446,19,2026-07-16,2026-07-16 07:00:00,2026-07-16 15:00:00,8,,,0.0,Cancelled - Employee,2026-07-16
585,544,44,2026-07-16,2026-07-16 07:00:00,2026-07-16 15:00:00,8,2026-07-16 07:00:00,2026-07-16 15:00:00,8.0,Completed,2026-07-16
586,506,41,2026-07-16,2026-07-16 15:00:00,2026-07-16 21:00:00,6,,,0.0,Cancelled - Employee,2026-07-16
587,14,2,2026-07-17,2026-07-17 15:00:00,2026-07-18 03:00:00,12,2026-07-17 15:00:00,2026-07-18 03:00:00,12.0,Completed,2026-07-17
588,555,22,2026-07-17,2026-07-17 08:00:00,2026-07-17 12:00:00,4,2026-07-17 08:00:00,2026-07-17 12:00:00,4.0,Completed,2026-07-17
589,498,30,2026-07-17,2026-07-17 22:00:00,2026-07-18 06:00:00,8,2026-07-17 22:00:00,2026-07-18 06:00:00,8.0,Completed,2026-07-17
590,477,58,2026-07-17,2026-07-17 22:00:00,2026-07-18 10:00:00,12,2026-07-17 22:00:00,2026-07-18 10:00:00,12.0,Completed,2026-07-17
591,500,40,2026-07-17,2026-07-17 07:00:00,2026-07-17 15:00:00,8,2026-07-17 07:00:00,2026-07-17 15:00:00,8.0,Completed,2026-07-17
592,474,34,2026-07-17,2026-07-17 09:00:00,2026-07-17 21:00:00,12,2026-07-17 09:00:00,2026-07-17 21:00:00,12.0,Completed,2026-07-17
593,381,48,2026-07-17,2026-07-17 22:00:00,2026-07-18 10:00:00,12,2026-07-17 22:00:00,2026-07-18 10:00:00,12.0,Completed,2026-07-17
594,25,15,2026-07-17,2026-07-17 14:00:00,2026-07-18 02:00:00,12,2026-07-17 14:00:00,2026-07-18 02:00:00,12.0,Completed,2026-07-17
595,433,45,2026-07-17,2026-07-17 08:00:00,2026-07-17 14:00:00,6,2026-07-17 08:00:00,2026-07-17 14:00:00,6.0,Completed,2026-07-17
596,394,5,2026-07-17,2026-07-17 15:00:00,2026-07-17 21:00:00,6,,,,Scheduled,2026-07-17
597,561,4,2026-07-17,2026-07-17 08:00:00,2026-07-17 16:00:00,8,2026-07-17 08:00:00,2026-07-17 16:00:00,8.0,Completed,2026-07-17
598,456,26,2026-07-17,2026-07-17 06:00:00,2026-07-17 12:00:00,6,2026-07-17 06:00:00,2026-07-17 12:00:00,6.0,Completed,2026-07-17
599,565,33,2026-07-17,2026-07-17 15:00:00,2026-07-17 21:00:00,6,2026-07-17 15:00:00,2026-07-17 21:00:00,6.0,Completed,2026-07-17
600,522,49,2026-07-17,2026-07-17 09:00:00,2026-07-17 21:00:00,12,2026-07-17 09:00:00,2026-07-17 21:00:00,12.0,Completed,2026-07-17
601,428,32,2026-07-17,2026-07-17 14:00:00,2026-07-18 02:00:00,12,2026-07-17 14:00:00,2026-07-18 02:00:00,12.0,Completed,2026-07-17
602,17,55,2026-07-17,2026-07-17 08:00:00,2026-07-17 14:00:00,6,,,0.0,No-Show,2026-07-17
603,487,52,2026-07-17,2026-07-17 22:00:00,2026-07-18 10:00:00,12,2026-07-17 22:00:00,2026-07-18 10:00:00,12.0,Completed,2026-07-17
604,26,17,2026-07-17,2026-07-17 07:00:00,2026-07-17 19:00:00,12,2026-07-17 07:00:00,2026-07-17 19:00:00,12.0,Completed,2026-07-17
605,20,3,2026-07-17,2026-07-17 14:00:00,2026-07-17 20:00:00,6,2026-07-17 14:00:00,2026-07-17 20:00:00,6.0,Completed,2026-07-17
606,552,1,2026-07-17,2026-07-17 06:00:00,2026-07-17 10:00:00,4,2026-07-17 06:00:00,2026-07-17 10:00:00,4.0,Completed,2026-07-17
607,247,43,2026-07-17,2026-07-17 09:00:00,2026-07-17 13:00:00,4,2026-07-17 09:00:00,2026-07-17 13:00:00,4.0,Completed,2026-07-17
608,535,56,2026-07-17,2026-07-17 06:00:00,2026-07-17 14:00:00,8,2026-07-17 06:00:00,2026-07-17 14:00:00,8.0,Completed,2026-07-17
609,553,16,2026-07-17,2026-07-17 15:00:00,2026-07-17 23:00:00,8,2026-07-17 15:00:00,2026-07-17 23:00:00,8.0,Completed,2026-07-17
610,376,38,2026-07-17,2026-07-17 15:00:00,2026-07-17 19:00:00,4,2026-07-17 15:00:00,2026-07-17 19:00:00,4.0,Completed,2026-07-17
611,11,39,2026-07-17,2026-07-17 14:00:00,2026-07-18 02:00:00,12,2026-07-17 14:00:00,2026-07-18 02:00:00,12.0,Completed,2026-07-17
612,358,19,2026-07-17,2026-07-17 14:00:00,2026-07-17 20:00:00,6,2026-07-17 14:00:00,2026-07-17 20:00:00,6.0,Completed,2026-07-17
